K,T,S0,iv,type
5.0,0.01643835616438356,278.28,16.898442219238284,call
10.0,0.01643835616438356,278.28,11.828127607421877,call
15.0,0.01643835616438356,278.28,12.53906466308594,call
20.0,0.01643835616438356,278.28,10.867190708007813,call
25.0,0.01643835616438356,278.28,9.835941352539065,call
30.0,0.01643835616438356,278.28,9.025394984130859,call
35.0,0.01643835616438356,278.28,8.359379775390625,call
40.0,0.01643835616438356,278.28,7.798828376464844,call
45.0,0.01643835616438356,278.28,7.312500859375,call
50.0,0.01643835616438356,278.28,6.283205270996094,call
55.0,0.01643835616438356,278.28,9.67822660736084,call
60.0,0.01643835616438356,278.28,5.673831032714843,call
65.0,0.01643835616438356,278.28,5.382815771484374,call
70.0,0.01643835616438356,278.28,5.117191103515625,call
75.0,0.01643835616438356,278.28,4.871097661132811,call
80.0,0.01643835616438356,278.28,4.642582321777344,call
85.0,0.01643835616438356,278.28,4.467777852783202,call
90.0,0.01643835616438356,278.28,4.226567216796875,call
95.0,0.01643835616438356,278.28,4.073247095947266,call
100.0,0.01643835616438356,278.28,3.8574222314453124,call
105.0,0.01643835616438356,278.28,3.7207038232421876,call
110.0,0.01643835616438356,278.28,3.525391811523437,call
115.0,0.01643835616438356,278.28,3.4013686840820307,call
120.0,0.01643835616438356,278.28,3.2226581933593748,call
125.0,0.01643835616438356,278.28,3.1093772265624997,call
130.0,0.01643835616438356,278.28,1.8437507812499998,call
135.0,0.01643835616438356,278.28,2.8398466503906246,call
140.0,0.01643835616438356,278.28,1.671876640625,call
145.0,0.01643835616438356,278.28,1.71875140625,call
150.0,0.01643835616438356,278.28,1.900391123046875,call
155.0,0.01643835616438356,278.28,1.4375028125,call
160.0,0.01643835616438356,278.28,1.3671906640625,call
165.0,0.01643835616438356,278.28,1.46875265625,call
170.0,0.01643835616438356,278.28,1.3906280468749999,call
175.0,0.01643835616438356,278.28,1.7763683056640622,call
180.0,0.01643835616438356,278.28,1.2421912890624998,call
185.0,0.01643835616438356,278.28,1.2148476757812499,call
190.0,0.01643835616438356,278.28,1.203128984375,call
195.0,0.01643835616438356,278.28,0.98437515625,call
200.0,0.01643835616438356,278.28,0.9648441015625,call
205.0,0.01643835616438356,278.28,0.9355475195312499,call
210.0,0.01643835616438356,278.28,0.8359391406249999,call
215.0,0.01643835616438356,278.28,0.804689453125,call
220.0,0.01643835616438356,278.28,0.6757844921875001,call
222.5,0.01643835616438356,278.28,0.6445348046875,call
225.0,0.01643835616438356,278.28,0.6171913281250001,call
227.5,0.01643835616438356,278.28,0.7421900781249999,call
230.0,0.01643835616438356,278.28,0.6152382226562501,call
232.5,0.01643835616438356,278.28,0.5839885351562499,call
235.0,0.01643835616438356,278.28,0.6162147753906251,call
237.5,0.01643835616438356,278.28,0.570316796875,call
240.0,0.01643835616438356,278.28,0.63086306640625,call
242.5,0.01643835616438356,278.28,0.7426783544921874,call
245.0,0.01643835616438356,278.28,0.6174354663085939,call
247.5,0.01643835616438356,278.28,0.6250037500000001,call
250.0,0.01643835616438356,278.28,0.5920450952148439,call
252.5,0.01643835616438356,278.28,0.614261669921875,call
255.0,0.01643835616438356,278.28,0.46973186523437505,call
257.5,0.01643835616438356,278.28,0.47363807617187503,call
260.0,0.01643835616438356,278.28,0.3742738354492187,call
262.5,0.01643835616438356,278.28,0.3813538427734374,call
265.0,0.01643835616438356,278.28,0.3259344750976562,call
267.5,0.01643835616438356,278.28,0.282233740234375,call
270.0,0.01643835616438356,278.28,0.2564771618652344,call
272.5,0.01643835616438356,278.28,0.2442702526855469,call
275.0,0.01643835616438356,278.28,0.21973436523437498,call
277.5,0.01643835616438356,278.28,0.20813780151367184,call
280.0,0.01643835616438356,278.28,0.1966633068847656,call
282.5,0.01643835616438356,278.28,0.1914143359375,call
285.0,0.01643835616438356,278.28,0.18946123046875002,call
287.5,0.01643835616438356,278.28,0.19068192138671874,call
290.0,0.01643835616438356,278.28,0.1948322705078125,call
292.5,0.01643835616438356,278.28,0.20215641601562498,call
295.0,0.01643835616438356,278.28,0.20996883789062498,call
300.0,0.01643835616438356,278.28,0.24024197265624997,call
305.0,0.01643835616438356,278.28,0.2617261328125,call
310.0,0.01643835616438356,278.28,0.28125718749999995,call
315.0,0.01643835616438356,278.28,0.35938140625,call
320.0,0.01643835616438356,278.28,0.41211525390625,call
325.0,0.01643835616438356,278.28,0.39063109375,call
330.0,0.01643835616438356,278.28,0.42188078125,call
335.0,0.01643835616438356,278.28,0.46094289062500005,call
340.0,0.01643835616438356,278.28,0.49219257812500006,call
345.0,0.01643835616438356,278.28,0.500005,call
350.0,0.01643835616438356,278.28,0.5312546875,call
360.0,0.01643835616438356,278.28,0.6171913281250001,call
370.0,0.01643835616438356,278.28,0.64062859375,call
380.0,0.01643835616438356,278.28,0.6875031250000001,call
390.0,0.01643835616438356,278.28,0.7500025,call
400.0,0.01643835616438356,278.28,0.79687703125,call
410.0,0.01643835616438356,278.28,0.8437515624999999,call
420.0,0.01643835616438356,278.28,0.9062509375,call
430.0,0.01643835616438356,278.28,0.937500625,call
440.0,0.01643835616438356,278.28,0.98437515625,call
450.0,0.01643835616438356,278.28,1.0312548437500002,call
110.0,0.03561643835616438,278.28,2.761721845703125,call
120.0,0.03561643835616438,278.28,2.5273474316406244,call
125.0,0.03561643835616438,278.28,2.4179727050781246,call
150.0,0.03561643835616438,278.28,1.6767594287109375,call
155.0,0.03561643835616438,278.28,1.25390998046875,call
170.0,0.03561643835616438,278.28,0.937500625,call
180.0,0.03561643835616438,278.28,0.8789074609374999,call
185.0,0.03561643835616438,278.28,0.8281267187499999,call
190.0,0.03561643835616438,278.28,0.80664255859375,call
195.0,0.03561643835616438,278.28,0.8320329296874999,call
200.0,0.03561643835616438,278.28,0.7929708203125,call
205.0,0.03561643835616438,278.28,0.6806672558593752,call
210.0,0.03561643835616438,278.28,0.700198310546875,call
215.0,0.03561643835616438,278.28,0.6777375976562501,call
220.0,0.03561643835616438,278.28,0.5991251025390626,call
225.0,0.03561643835616438,278.28,0.5581098876953126,call
230.0,0.03561643835616438,278.28,0.508793974609375,call
235.0,0.03561643835616438,278.28,0.5239305419921875,call
240.0,0.03561643835616438,278.28,0.5671430004882813,call
245.0,0.03561643835616438,278.28,0.5120898400878906,call
250.0,0.03561643835616438,278.28,0.4351863122558594,call
255.0,0.03561643835616438,278.28,0.38440557006835935,call
260.0,0.03561643835616438,278.28,0.2954172021484375,call
265.0,0.03561643835616438,278.28,0.25830819824218754,call
270.0,0.03561643835616438,278.28,0.23670196899414062,call
275.0,0.03561643835616438,278.28,0.2043536596679687,call
280.0,0.03561643835616438,278.28,0.18811847045898436,call
282.5,0.03561643835616438,278.28,0.1915364050292969,call
285.0,0.03561643835616438,278.28,0.17737639038085937,call
290.0,0.03561643835616438,278.28,0.1757894921875,call
295.0,0.03561643835616438,278.28,0.180672255859375,call
300.0,0.03561643835616438,278.28,0.1914143359375,call
305.0,0.03561643835616438,278.28,0.20801573242187496,call
310.0,0.03561643835616438,278.28,0.22461712890624996,call
315.0,0.03561643835616438,278.28,0.28711650390624993,call
320.0,0.03561643835616438,278.28,0.36377589355468753,call
325.0,0.03561643835616438,278.28,0.27735097656249996,call
330.0,0.03561643835616438,278.28,0.3007882421875,call
335.0,0.03561643835616438,278.28,0.4414118359375,call
340.0,0.03561643835616438,278.28,0.48730981445312505,call
345.0,0.03561643835616438,278.28,0.516606396484375,call
350.0,0.03561643835616438,278.28,0.5459029785156251,call
355.0,0.03561643835616438,278.28,0.523442265625,call
360.0,0.03561643835616438,278.28,0.5498091894531252,call
365.0,0.03561643835616438,278.28,0.5751995605468749,call
370.0,0.03561643835616438,278.28,0.5996133789062501,call
380.0,0.03561643835616438,278.28,0.648441015625,call
385.0,0.03561643835616438,278.28,0.6718782812500002,call
400.0,0.03561643835616438,278.28,0.7402369726562499,call
145.0,0.0547945205479452,278.28,1.303714418945312,call
150.0,0.0547945205479452,278.28,1.23047259765625,call
170.0,0.0547945205479452,278.28,1.0244189404296877,call
175.0,0.0547945205479452,278.28,0.9794923925781251,call
190.0,0.0547945205479452,278.28,0.7675804492187501,call
195.0,0.0547945205479452,278.28,0.79687703125,call
200.0,0.0547945205479452,278.28,0.7543969873046875,call
205.0,0.0547945205479452,278.28,0.694338994140625,call
210.0,0.0547945205479452,278.28,0.6638217211914064,call
215.0,0.0547945205479452,278.28,0.6215858154296876,call
220.0,0.0547945205479452,278.28,0.5708050732421875,call
225.0,0.0547945205479452,278.28,0.5293015820312501,call
230.0,0.0547945205479452,278.28,0.5627485131835939,call
235.0,0.0547945205479452,278.28,0.5280808911132813,call
240.0,0.0547945205479452,278.28,0.5816692224121094,call
245.0,0.0547945205479452,278.28,0.46753462158203124,call
250.0,0.0547945205479452,278.28,0.39563592651367196,call
255.0,0.0547945205479452,278.28,0.3394841442871094,call
260.0,0.0547945205479452,278.28,0.28626202026367187,call
265.0,0.0547945205479452,278.28,0.2534254345703125,call
270.0,0.0547945205479452,278.28,0.22974403076171873,call
275.0,0.0547945205479452,278.28,0.20990780334472653,call
280.0,0.0547945205479452,278.28,0.19519847778320312,call
285.0,0.0547945205479452,278.28,0.1828694995117187,call
290.0,0.0547945205479452,278.28,0.17993984130859375,call
295.0,0.0547945205479452,278.28,0.18042811767578126,call
300.0,0.0547945205479452,278.28,0.18531088134765622,call
305.0,0.0547945205479452,278.28,0.1928791650390625,call
310.0,0.0547945205479452,278.28,0.20410952148437497,call
315.0,0.0547945205479452,278.28,0.2148516015625,call
320.0,0.0547945205479452,278.28,0.23828886718749998,call
325.0,0.0547945205479452,278.28,0.3242255078124999,call
330.0,0.0547945205479452,278.28,0.2910227148437499,call
335.0,0.0547945205479452,278.28,0.3789124609375,call
340.0,0.0547945205479452,278.28,0.40381455566406255,call
345.0,0.0547945205479452,278.28,0.42529871582031253,call
350.0,0.0547945205479452,278.28,0.43506424316406256,call
355.0,0.0547945205479452,278.28,0.4721732470703125,call
400.0,0.0547945205479452,278.28,0.6113320117187502,call
150.0,0.07397260273972603,278.28,1.1279340478515625,call
170.0,0.07397260273972603,278.28,0.936524072265625,call
190.0,0.07397260273972603,278.28,0.770510107421875,call
195.0,0.07397260273972603,278.28,0.72070591796875,call
200.0,0.07397260273972603,278.28,0.6904327832031252,call
210.0,0.07397260273972603,278.28,0.5918009570312501,call
220.0,0.07397260273972603,278.28,0.575077491455078,call
225.0,0.07397260273972603,278.28,0.5782512878417969,call
230.0,0.07397260273972603,278.28,0.6167030517578126,call
235.0,0.07397260273972603,278.28,0.49377947631835944,call
240.0,0.07397260273972603,278.28,0.5218553674316406,call
245.0,0.07397260273972603,278.28,0.4014952429199219,call
250.0,0.07397260273972603,278.28,0.3820862573242187,call
255.0,0.07397260273972603,278.28,0.32813171874999997,call
260.0,0.07397260273972603,278.28,0.28882547119140617,call
265.0,0.07397260273972603,278.28,0.26105475280761714,call
270.0,0.07397260273972603,278.28,0.2401199035644531,call
275.0,0.07397260273972603,278.28,0.2186357434082031,call
280.0,0.07397260273972603,278.28,0.2082598706054687,call
285.0,0.07397260273972603,278.28,0.1970905487060547,call
290.0,0.07397260273972603,278.28,0.1930622686767578,call
295.0,0.07397260273972603,278.28,0.18836260864257812,call
300.0,0.07397260273972603,278.28,0.18970536865234378,call
305.0,0.07397260273972603,278.28,0.192390888671875,call
310.0,0.07397260273972603,278.28,0.198250205078125,call
315.0,0.07397260273972603,278.28,0.20606262695312497,call
320.0,0.07397260273972603,278.28,0.270515107421875,call
325.0,0.07397260273972603,278.28,0.26563234375,call
330.0,0.07397260273972603,278.28,0.3007882421875,call
335.0,0.07397260273972603,278.28,0.334967587890625,call
340.0,0.07397260273972603,278.28,0.3544986425781249,call
345.0,0.07397260273972603,278.28,0.375982802734375,call
350.0,0.07397260273972603,278.28,0.3969786865234375,call
370.0,0.07397260273972603,278.28,0.4726615234375,call
375.0,0.07397260273972603,278.28,0.49121602539062503,call
380.0,0.07397260273972603,278.28,0.5097705273437501,call
400.0,0.07397260273972603,278.28,0.5312546875,call
5.0,0.09315068493150686,278.28,8.67969207519531,call
10.0,0.09315068493150686,278.28,4.195317255859376,call
15.0,0.09315068493150686,278.28,5.644534194335938,call
20.0,0.09315068493150686,278.28,3.480470048828125,call
25.0,0.09315068493150686,278.28,3.1093772265624997,call
30.0,0.09315068493150686,278.28,2.7343781640625,call
35.0,0.09315068493150686,278.28,1.0000000000000003e-05,call
40.0,0.09315068493150686,278.28,3.2666033959960936,call
45.0,0.09315068493150686,278.28,1.0000000000000003e-05,call
50.0,0.09315068493150686,278.28,2.2773480566406246,call
55.0,0.09315068493150686,278.28,2.214848212890624,call
60.0,0.09315068493150686,278.28,1.0000000000000003e-05,call
65.0,0.09315068493150686,278.28,2.50781623046875,call
70.0,0.09315068493150686,278.28,1.0000000000000003e-05,call
75.0,0.09315068493150686,278.28,1.0000000000000003e-05,call
80.0,0.09315068493150686,278.28,1.8095712646484374,call
85.0,0.09315068493150686,278.28,1.7089858300781249,call
90.0,0.09315068493150686,278.28,1.6611345068359378,call
95.0,0.09315068493150686,278.28,1.5996113769531248,call
100.0,0.09315068493150686,278.28,1.5283226708984374,call
105.0,0.09315068493150686,278.28,1.4834010205078125,call
110.0,0.09315068493150686,278.28,1.40625296875,call
115.0,0.09315068493150686,278.28,1.365237548828125,call
120.0,0.09315068493150686,278.28,1.3046909765624997,call
125.0,0.09315068493150686,278.28,1.1943399658203124,call
130.0,0.09315068493150686,278.28,1.2085000512695312,call
135.0,0.09315068493150686,278.28,1.162113564453125,call
140.0,0.09315068493150686,278.28,1.1167036352539061,call
145.0,0.09315068493150686,278.28,1.0722702636718753,call
150.0,0.09315068493150686,278.28,1.09375453125,call
155.0,0.09315068493150686,278.28,0.9804689453125001,call
160.0,0.09315068493150686,278.28,0.9726565234375,call
165.0,0.09315068493150686,278.28,0.9353033813476561,call
170.0,0.09315068493150686,278.28,0.8693860717773438,call
175.0,0.09315068493150686,278.28,0.8522963989257812,call
180.0,0.09315068493150686,278.28,0.7905294384765625,call
185.0,0.09315068493150686,278.28,0.7478052563476563,call
190.0,0.09315068493150686,278.28,0.717776259765625,call
195.0,0.09315068493150686,278.28,0.6872589868164063,call
200.0,0.09315068493150686,278.28,0.6560092993164064,call
205.0,0.09315068493150686,278.28,0.6025430371093752,call
210.0,0.09315068493150686,278.28,0.5749554223632812,call
215.0,0.09315068493150686,278.28,0.5297898583984376,call
220.0,0.09315068493150686,278.28,0.554814022216797,call
225.0,0.09315068493150686,278.28,0.5170946728515625,call
230.0,0.09315068493150686,278.28,0.49377947631835944,call
235.0,0.09315068493150686,278.28,0.4549615051269531,call
240.0,0.09315068493150686,278.28,0.4158993957519531,call
245.0,0.09315068493150686,278.28,0.3792786682128906,call
250.0,0.09315068493150686,278.28,0.3365544860839844,call
255.0,0.09315068493150686,278.28,0.3099434240722656,call
260.0,0.09315068493150686,278.28,0.28137925659179686,call
265.0,0.09315068493150686,278.28,0.25916268188476566,call
270.0,0.09315068493150686,278.28,0.24066921447753903,call
275.0,0.09315068493150686,278.28,0.22382367980957027,call
280.0,0.09315068493150686,278.28,0.21393608337402342,call
285.0,0.09315068493150686,278.28,0.2043536596679687,call
290.0,0.09315068493150686,278.28,0.20069158691406247,call
295.0,0.09315068493150686,278.28,0.19519847778320312,call
300.0,0.09315068493150686,278.28,0.1948322705078125,call
305.0,0.09315068493150686,278.28,0.196297099609375,call
310.0,0.09315068493150686,278.28,0.19873848144531248,call
315.0,0.09315068493150686,278.28,0.2048419360351562,call
320.0,0.09315068493150686,278.28,0.20996883789062498,call
325.0,0.09315068493150686,278.28,0.21631643066406248,call
330.0,0.09315068493150686,278.28,0.2304764453125,call
335.0,0.09315068493150686,278.28,0.2973703076171874,call
340.0,0.09315068493150686,278.28,0.25879647460937505,call
350.0,0.09315068493150686,278.28,0.27539787109374997,call
360.0,0.09315068493150686,278.28,0.340826904296875,call
370.0,0.09315068493150686,278.28,0.32227240234374993,call
380.0,0.09315068493150686,278.28,0.3632876171875,call
390.0,0.09315068493150686,278.28,0.35156898437499995,call
400.0,0.09315068493150686,278.28,0.43555251953125,call
410.0,0.09315068493150686,278.28,0.5415084912109377,call
420.0,0.09315068493150686,278.28,0.5117236328125,call
430.0,0.09315068493150686,278.28,0.445318046875,call
440.0,0.09315068493150686,278.28,0.57617611328125,call
450.0,0.09315068493150686,278.28,0.48438015625,call
215.0,0.11232876712328767,278.28,0.5105029418945313,call
230.0,0.11232876712328767,278.28,0.4924367163085938,call
240.0,0.11232876712328767,278.28,0.40869731933593745,call
245.0,0.11232876712328767,278.28,0.35632967895507806,call
250.0,0.11232876712328767,278.28,0.3389348333740234,call
255.0,0.11232876712328767,278.28,0.30927204406738285,call
265.0,0.11232876712328767,278.28,0.26068854553222653,call
270.0,0.11232876712328767,278.28,0.24146266357421875,call
275.0,0.11232876712328767,278.28,0.22730264892578123,call
280.0,0.11232876712328767,278.28,0.21656056884765623,call
285.0,0.11232876712328767,278.28,0.2075579733276367,call
290.0,0.11232876712328767,278.28,0.20130193237304686,call
295.0,0.11232876712328767,278.28,0.1981281359863281,call
300.0,0.11232876712328767,278.28,0.19690744506835936,call
305.0,0.11232876712328767,278.28,0.19837227416992187,call
310.0,0.11232876712328767,278.28,0.1997150341796875,call
100.0,0.18904109589041096,278.28,1.1782267651367184,call
105.0,0.18904109589041096,278.28,1.0869186279296876,call
110.0,0.18904109589041096,278.28,1.1040083862304688,call
115.0,0.18904109589041096,278.28,1.0554246447753908,call
120.0,0.18904109589041096,278.28,1.0090381579589844,call
125.0,0.18904109589041096,278.28,0.9692385888671875,call
130.0,0.18904109589041096,278.28,0.9350592431640624,call
135.0,0.18904109589041096,278.28,0.9016123120117188,call
140.0,0.18904109589041096,278.28,0.8571791625976561,call
145.0,0.18904109589041096,278.28,0.8293474096679687,call
150.0,0.18904109589041096,278.28,0.7768577001953125,call
155.0,0.18904109589041096,278.28,0.7609887182617189,call
160.0,0.18904109589041096,278.28,0.73437765625,call
165.0,0.18904109589041096,278.28,0.7131376342773439,call
170.0,0.18904109589041096,278.28,0.6617465466308594,call
175.0,0.18904109589041096,278.28,0.6362341064453125,call
180.0,0.18904109589041096,278.28,0.6203651245117189,call
185.0,0.18904109589041096,278.28,0.5942423388671876,call
190.0,0.18904109589041096,278.28,0.5679974841308593,call
195.0,0.18904109589041096,278.28,0.5437057348632813,call
200.0,0.18904109589041096,278.28,0.51562984375,call
205.0,0.18904109589041096,278.28,0.5463912548828126,call
210.0,0.18904109589041096,278.28,0.5129443237304687,call
215.0,0.18904109589041096,278.28,0.5040943145751953,call
220.0,0.18904109589041096,278.28,0.4592339233398438,call
225.0,0.18904109589041096,278.28,0.4351863122558594,call
230.0,0.18904109589041096,278.28,0.40241076110839846,call
235.0,0.18904109589041096,278.28,0.38867798828125,call
240.0,0.18904109589041096,278.28,0.36389796264648444,call
245.0,0.18904109589041096,278.28,0.34442794250488284,call
250.0,0.18904109589041096,278.28,0.3300237896728515,call
255.0,0.18904109589041096,278.28,0.31250687499999996,call
260.0,0.18904109589041096,278.28,0.299262378540039,call
265.0,0.18904109589041096,278.28,0.28766581481933584,call
270.0,0.18904109589041096,278.28,0.2746349392700196,call
275.0,0.18904109589041096,278.28,0.2647778601074219,call
280.0,0.18904109589041096,278.28,0.25623302368164064,call
285.0,0.18904109589041096,278.28,0.2483595672607422,call
290.0,0.18904109589041096,278.28,0.2420730090332031,call
295.0,0.18904109589041096,278.28,0.23749541809082028,call
300.0,0.18904109589041096,278.28,0.23413851806640623,call
305.0,0.18904109589041096,278.28,0.23175817077636718,call
310.0,0.18904109589041096,278.28,0.23157506713867188,call
315.0,0.18904109589041096,278.28,0.23206334350585936,call
320.0,0.18904109589041096,278.28,0.23084265258789063,call
325.0,0.18904109589041096,278.28,0.23133092895507812,call
330.0,0.18904109589041096,278.28,0.23242955078125,call
335.0,0.18904109589041096,278.28,0.23255161987304687,call
340.0,0.18904109589041096,278.28,0.23389437988281248,call
350.0,0.18904109589041096,278.28,0.23828886718749998,call
360.0,0.18904109589041096,278.28,0.24414818359375,call
370.0,0.18904109589041096,278.28,0.249030947265625,call
380.0,0.18904109589041096,278.28,0.25586681640625003,call
390.0,0.18904109589041096,278.28,0.34058276611328125,call
400.0,0.18904109589041096,278.28,0.2929758203124999,call
410.0,0.18904109589041096,278.28,0.28125718749999995,call
420.0,0.18904109589041096,278.28,0.40772076660156253,call
430.0,0.18904109589041096,278.28,0.40430283203125,call
440.0,0.18904109589041096,278.28,0.44385321777343745,call
450.0,0.18904109589041096,278.28,0.428716650390625,call
5.0,0.01643835616438356,278.28,8.75000453125,put
10.0,0.01643835616438356,278.28,7.2500009375,put
15.0,0.01643835616438356,278.28,6.2500021875,put
20.0,0.01643835616438356,278.28,5.62500296875,put
25.0,0.01643835616438356,278.28,5.12500359375,put
30.0,0.01643835616438356,278.28,4.7500040624999995,put
35.0,0.01643835616438356,278.28,5.000003749999999,put
40.0,0.01643835616438356,278.28,4.312504609374999,put
45.0,0.01643835616438356,278.28,4.187504765625,put
50.0,0.01643835616438356,278.28,3.6250009375000003,put
55.0,0.01643835616438356,278.28,4.8593789257812485,put
60.0,0.01643835616438356,278.28,4.2500046875,put
65.0,0.01643835616438356,278.28,3.1250021875,put
70.0,0.01643835616438356,278.28,2.93750265625,put
75.0,0.01643835616438356,278.28,2.93750265625,put
80.0,0.01643835616438356,278.28,3.0156274609375,put
85.0,0.01643835616438356,278.28,3.3125017187499997,put
90.0,0.01643835616438356,278.28,2.43750390625,put
95.0,0.01643835616438356,278.28,2.3125042187499996,put
100.0,0.01643835616438356,278.28,2.1875045312499997,put
105.0,0.01643835616438356,278.28,2.0937547656249995,put
110.0,0.01643835616438356,278.28,1.96875015625,put
115.0,0.01643835616438356,278.28,1.9062504687500001,put
120.0,0.01643835616438356,278.28,1.8125009374999999,put
125.0,0.01643835616438356,278.28,1.75000125,put
130.0,0.01643835616438356,278.28,1.65625171875,put
135.0,0.01643835616438356,278.28,1.5625021874999998,put
140.0,0.01643835616438356,278.28,2.1582077294921875,put
145.0,0.01643835616438356,278.28,1.4375028125,put
150.0,0.01643835616438356,278.28,1.3437532812499997,put
155.0,0.01643835616438356,278.28,1.2812535937499998,put
160.0,0.01643835616438356,278.28,1.21875390625,put
165.0,0.01643835616438356,278.28,1.625001875,put
170.0,0.01643835616438356,278.28,1.2734411328124997,put
175.0,0.01643835616438356,278.28,1.0312548437500002,put
180.0,0.01643835616438356,278.28,0.9687503125,put
185.0,0.01643835616438356,278.28,1.228519482421875,put
190.0,0.01643835616438356,278.28,0.85937640625,put
195.0,0.01643835616438356,278.28,0.851563984375,put
200.0,0.01643835616438356,278.28,0.7500025,put
205.0,0.01643835616438356,278.28,0.73437765625,put
210.0,0.01643835616438356,278.28,0.710940390625,put
215.0,0.01643835616438356,278.28,0.6757844921875001,put
220.0,0.01643835616438356,278.28,0.648441015625,put
222.5,0.01643835616438356,278.28,0.6757844921875001,put
225.0,0.01643835616438356,278.28,0.5664105859375,put
227.5,0.01643835616438356,278.28,0.727541787109375,put
230.0,0.01643835616438356,278.28,0.500005,put
232.5,0.01643835616438356,278.28,0.507817421875,put
235.0,0.01643835616438356,278.28,0.4804739453125,put
237.5,0.01643835616438356,278.28,0.5537154003906251,put
240.0,0.01643835616438356,278.28,0.45313046875,put
242.5,0.01643835616438356,278.28,0.44336494140625,put
245.0,0.01643835616438356,278.28,0.415044912109375,put
247.5,0.01643835616438356,278.28,0.393560751953125,put
250.0,0.01643835616438356,278.28,0.34961587890624996,put
252.5,0.01643835616438356,278.28,0.32813171874999997,put
255.0,0.01643835616438356,278.28,0.31055376953124997,put
257.5,0.01643835616438356,278.28,0.29492892578124996,put
260.0,0.01643835616438356,278.28,0.27735097656249996,put
262.5,0.01643835616438356,278.28,0.2612378564453125,put
265.0,0.01643835616438356,278.28,0.247077841796875,put
267.5,0.01643835616438356,278.28,0.23316196533203126,put
270.0,0.01643835616438356,278.28,0.22144333251953124,put
272.5,0.01643835616438356,278.28,0.20972469970703123,put
275.0,0.01643835616438356,278.28,0.1991046887207031,put
277.5,0.01643835616438356,278.28,0.19043778320312502,put
280.0,0.01643835616438356,278.28,0.18201501586914062,put
282.5,0.01643835616438356,278.28,0.180672255859375,put
285.0,0.01643835616438356,278.28,0.179695703125,put
287.5,0.01643835616438356,278.28,0.1821370849609375,put
290.0,0.01643835616438356,278.28,0.188484677734375,put
292.5,0.01643835616438356,278.28,0.2954172021484375,put
295.0,0.01643835616438356,278.28,0.3232489550781249,put
300.0,0.01643835616438356,278.28,0.3530338134765625,put
305.0,0.01643835616438356,278.28,0.5493209130859377,put
310.0,0.01643835616438356,278.28,0.6096230444335939,put
315.0,0.01643835616438356,278.28,1.0000000000000003e-05,put
320.0,0.01643835616438356,278.28,0.7348659326171875,put
325.0,0.01643835616438356,278.28,0.8020039331054687,put
330.0,0.01643835616438356,278.28,0.53320779296875,put
335.0,0.01643835616438356,278.28,0.5488326367187502,put
350.0,0.01643835616438356,278.28,0.6894562304687502,put
360.0,0.01643835616438356,278.28,7.002564723358155,put
370.0,0.01643835616438356,278.28,0.8320329296874999,put
380.0,0.01643835616438356,278.28,0.8984385156249999,put
390.0,0.01643835616438356,278.28,1.4189482177734376,put
400.0,0.01643835616438356,278.28,1.7761241662597653,put
450.0,0.01643835616438356,278.28,1.3125034374999998,put
120.0,0.03561643835616438,278.28,1.9433596582031252,put
130.0,0.03561643835616438,278.28,1.783204208984375,put
145.0,0.03561643835616438,278.28,1.50390873046875,put
150.0,0.03561643835616438,278.28,1.4902369238281248,put
155.0,0.03561643835616438,278.28,1.36328443359375,put
170.0,0.03561643835616438,278.28,1.1494183154296875,put
175.0,0.03561643835616438,278.28,1.1064497802734377,put
180.0,0.03561643835616438,278.28,1.0468797656250002,put
185.0,0.03561643835616438,278.28,1.0556687841796877,put
190.0,0.03561643835616438,278.28,0.91992267578125,put
195.0,0.03561643835616438,278.28,0.64062859375,put
200.0,0.03561643835616438,278.28,0.8203142968749999,put
205.0,0.03561643835616438,278.28,0.5585981640625001,put
210.0,0.03561643835616438,278.28,0.5546919531250001,put
215.0,0.03561643835616438,278.28,0.6616244775390626,put
220.0,0.03561643835616438,278.28,0.6069375244140626,put
225.0,0.03561643835616438,278.28,0.4414118359375,put
230.0,0.03561643835616438,278.28,0.42578699218750005,put
235.0,0.03561643835616438,278.28,0.36914693359375,put
240.0,0.03561643835616438,278.28,0.32813171874999997,put
245.0,0.03561643835616438,278.28,0.29883513671874995,put
250.0,0.03561643835616438,278.28,0.273444765625,put
255.0,0.03561643835616438,278.28,0.2514723291015625,put
260.0,0.03561643835616438,278.28,0.22876747802734376,put
265.0,0.03561643835616438,278.28,0.21460746337890624,put
270.0,0.03561643835616438,278.28,0.1925129577636719,put
272.5,0.03561643835616438,278.28,0.19043778320312502,put
275.0,0.03561643835616438,278.28,0.17810880493164064,put
280.0,0.03561643835616438,278.28,0.1662681030273438,put
285.0,0.03561643835616438,278.28,0.15674671386718753,put
290.0,0.03561643835616438,278.28,0.1914143359375,put
295.0,0.03561643835616438,278.28,0.24829853271484376,put
300.0,0.03561643835616438,278.28,0.3590151989746094,put
305.0,0.03561643835616438,278.28,0.41870698486328123,put
310.0,0.03561643835616438,278.28,0.4592339233398438,put
330.0,0.03561643835616438,278.28,0.6359899682617188,put
335.0,0.03561643835616438,278.28,0.6875031250000001,put
365.0,0.03561643835616438,278.28,0.5830119824218749,put
395.0,0.03561643835616438,278.28,0.726565234375,put
400.0,0.03561643835616438,278.28,0.726565234375,put
110.0,0.0547945205479452,278.28,1.765626171875,put
125.0,0.0547945205479452,278.28,1.5546897265624997,put
130.0,0.0547945205479452,278.28,1.4873072509765624,put
135.0,0.0547945205479452,278.28,1.4228544482421874,put
140.0,0.0547945205479452,278.28,1.3623078759765623,put
145.0,0.0547945205479452,278.28,1.3017613037109372,put
150.0,0.0547945205479452,278.28,1.1748088134765624,put
155.0,0.0547945205479452,278.28,1.12109814453125,put
175.0,0.0547945205479452,278.28,0.9765627343750001,put
180.0,0.0547945205479452,278.28,0.92773509765625,put
190.0,0.0547945205479452,278.28,0.8320329296874999,put
195.0,0.0547945205479452,278.28,0.62305064453125,put
200.0,0.0547945205479452,278.28,0.523442265625,put
205.0,0.0547945205479452,278.28,0.559574716796875,put
210.0,0.0547945205479452,278.28,0.5825237060546875,put
215.0,0.0547945205479452,278.28,0.45508357421875,put
220.0,0.0547945205479452,278.28,0.5483443603515626,put
225.0,0.0547945205479452,278.28,0.375982802734375,put
230.0,0.0547945205479452,278.28,0.44287666503906253,put
235.0,0.0547945205479452,278.28,0.31250687499999996,put
240.0,0.0547945205479452,278.28,0.2910227148437499,put
245.0,0.0547945205479452,278.28,0.2710033837890625,put
250.0,0.0547945205479452,278.28,0.2514723291015625,put
255.0,0.0547945205479452,278.28,0.23462679443359374,put
260.0,0.0547945205479452,278.28,0.21704884521484374,put
265.0,0.0547945205479452,278.28,0.20667297241210933,put
270.0,0.0547945205479452,278.28,0.19098709411621095,put
275.0,0.0547945205479452,278.28,0.1759725958251953,put
280.0,0.0547945205479452,278.28,0.16425396301269532,put
285.0,0.0547945205479452,278.28,0.15650257568359377,put
290.0,0.0547945205479452,278.28,0.16614603393554692,put
295.0,0.0547945205479452,278.28,0.23645783081054686,put
300.0,0.0547945205479452,278.28,0.2962716857910156,put
305.0,0.0547945205479452,278.28,0.3452213916015625,put
310.0,0.0547945205479452,278.28,0.3786683227539062,put
345.0,0.0547945205479452,278.28,0.6301306518554688,put
350.0,0.0547945205479452,278.28,0.6511265356445313,put
185.0,0.07397260273972603,278.28,0.7861349511718749,put
195.0,0.07397260273972603,278.28,0.6970245141601563,put
200.0,0.07397260273972603,278.28,0.639652041015625,put
205.0,0.07397260273972603,278.28,0.4335994140625,put
210.0,0.07397260273972603,278.28,0.5112353564453125,put
215.0,0.07397260273972603,278.28,0.48633326171875,put
220.0,0.07397260273972603,278.28,0.4514215014648438,put
225.0,0.07397260273972603,278.28,0.4480035668945312,put
230.0,0.07397260273972603,278.28,0.3139717041015625,put
235.0,0.07397260273972603,278.28,0.295905478515625,put
240.0,0.07397260273972603,278.28,0.278327529296875,put
245.0,0.07397260273972603,278.28,0.2617261328125,put
250.0,0.07397260273972603,278.28,0.24658956542968752,put
255.0,0.07397260273972603,278.28,0.2332840344238281,put
260.0,0.07397260273972603,278.28,0.2186357434082031,put
265.0,0.07397260273972603,278.28,0.2059405578613281,put
270.0,0.07397260273972603,278.28,0.1959308923339844,put
275.0,0.07397260273972603,278.28,0.1828694995117187,put
280.0,0.07397260273972603,278.28,0.17176121215820314,put
285.0,0.07397260273972603,278.28,0.16217878845214845,put
290.0,0.07397260273972603,278.28,0.1544274011230469,put
295.0,0.07397260273972603,278.28,0.17554535400390625,put
300.0,0.07397260273972603,278.28,0.20667297241210933,put
305.0,0.07397260273972603,278.28,0.30188686401367193,put
310.0,0.07397260273972603,278.28,0.3280096496582031,put
330.0,0.07397260273972603,278.28,0.45361874511718747,put
385.0,0.07397260273972603,278.28,0.7465845654296875,put
390.0,0.07397260273972603,278.28,0.7539087109375,put
5.0,0.09315068493150686,278.28,3.8750003125,put
10.0,0.09315068493150686,278.28,3.2500018749999997,put
15.0,0.09315068493150686,278.28,2.93750265625,put
20.0,0.09315068493150686,278.28,2.50000375,put
25.0,0.09315068493150686,278.28,2.3125042187499996,put
30.0,0.09315068493150686,278.28,2.58594103515625,put
35.0,0.09315068493150686,278.28,2.3828165429687496,put
40.0,0.09315068493150686,278.28,2.2265669335937495,put
45.0,0.09315068493150686,278.28,1.8125009374999999,put
50.0,0.09315068493150686,278.28,1.625001875,put
55.0,0.09315068493150686,278.28,1.71875140625,put
60.0,0.09315068493150686,278.28,1.765626171875,put
65.0,0.09315068493150686,278.28,1.71484517578125,put
70.0,0.09315068493150686,278.28,1.74609501953125,put
75.0,0.09315068493150686,278.28,1.3125034374999998,put
80.0,0.09315068493150686,278.28,1.2500037499999999,put
85.0,0.09315068493150686,278.28,1.37109689453125,put
90.0,0.09315068493150686,278.28,1.4257841210937499,put
95.0,0.09315068493150686,278.28,1.171879140625,put
100.0,0.09315068493150686,278.28,1.0703171484375003,put
105.0,0.09315068493150686,278.28,1.32422212890625,put
110.0,0.09315068493150686,278.28,1.2636755566406248,put
115.0,0.09315068493150686,278.28,1.2451209619140622,put
120.0,0.09315068493150686,278.28,0.9531254687499999,put
125.0,0.09315068493150686,278.28,1.09375453125,put
130.0,0.09315068493150686,278.28,0.867188828125,put
135.0,0.09315068493150686,278.28,0.8398453515625,put
140.0,0.09315068493150686,278.28,0.9501958105468749,put
145.0,0.09315068493150686,278.28,0.64062859375,put
150.0,0.09315068493150686,278.28,0.7148466015625,put
155.0,0.09315068493150686,278.28,0.6796907031250001,put
160.0,0.09315068493150686,278.28,0.77148666015625,put
165.0,0.09315068493150686,278.28,0.745119736328125,put
170.0,0.09315068493150686,278.28,0.648441015625,put
175.0,0.09315068493150686,278.28,0.5195360546875,put
180.0,0.09315068493150686,278.28,0.5410202148437502,put
185.0,0.09315068493150686,278.28,0.5971719970703125,put
190.0,0.09315068493150686,278.28,0.44922425781249997,put
195.0,0.09315068493150686,278.28,0.48242705078125003,put
200.0,0.09315068493150686,278.28,0.41602146484374997,put
205.0,0.09315068493150686,278.28,0.38867798828125,put
210.0,0.09315068493150686,278.28,0.4165097412109374,put
215.0,0.09315068493150686,278.28,0.362311064453125,put
220.0,0.09315068493150686,278.28,0.3754945263671875,put
225.0,0.09315068493150686,278.28,0.31641308593749995,put
230.0,0.09315068493150686,278.28,0.29883513671874995,put
235.0,0.09315068493150686,278.28,0.28516339843749994,put
240.0,0.09315068493150686,278.28,0.2712475219726562,put
245.0,0.09315068493150686,278.28,0.2590406127929688,put
250.0,0.09315068493150686,278.28,0.2447585290527344,put
255.0,0.09315068493150686,278.28,0.23218541259765624,put
260.0,0.09315068493150686,278.28,0.21936815795898437,put
265.0,0.09315068493150686,278.28,0.20734435241699217,put
270.0,0.09315068493150686,278.28,0.19763985961914063,put
275.0,0.09315068493150686,278.28,0.1860432958984375,put
280.0,0.09315068493150686,278.28,0.17554535400390625,put
285.0,0.09315068493150686,278.28,0.16620706848144534,put
290.0,0.09315068493150686,278.28,0.15943223388671873,put
295.0,0.09315068493150686,278.28,0.1511315356445313,put
300.0,0.09315068493150686,278.28,0.14258669921875,put
305.0,0.09315068493150686,278.28,0.24585715087890625,put
310.0,0.09315068493150686,278.28,0.27893787475585935,put
315.0,0.09315068493150686,278.28,0.31409377319335935,put
320.0,0.09315068493150686,278.28,0.3355779333496094,put
325.0,0.09315068493150686,278.28,0.36926900268554685,put
330.0,0.09315068493150686,278.28,0.3883117810058594,put
335.0,0.09315068493150686,278.28,0.42078215942382813,put
340.0,0.09315068493150686,278.28,0.43774976318359377,put
350.0,0.09315068493150686,278.28,1.0000000000000003e-05,put
360.0,0.09315068493150686,278.28,0.43115803222656257,put
370.0,0.09315068493150686,278.28,0.4682670361328125,put
390.0,0.09315068493150686,278.28,0.6506382592773439,put
400.0,0.09315068493150686,278.28,0.6879914013671876,put
410.0,0.09315068493150686,278.28,0.7238797143554687,put
420.0,0.09315068493150686,278.28,0.6333044482421876,put
430.0,0.09315068493150686,278.28,0.5400436621093752,put
185.0,0.11232876712328767,278.28,0.5273484765625001,put
210.0,0.11232876712328767,278.28,0.42188078125,put
220.0,0.11232876712328767,278.28,0.33008482421874996,put
245.0,0.11232876712328767,278.28,0.2555006091308594,put
250.0,0.11232876712328767,278.28,0.24378197631835938,put
255.0,0.11232876712328767,278.28,0.23102575622558597,put
260.0,0.11232876712328767,278.28,0.21887988159179686,put
265.0,0.11232876712328767,278.28,0.20734435241699217,put
270.0,0.11232876712328767,278.28,0.19702951416015624,put
275.0,0.11232876712328767,278.28,0.18756915954589842,put
280.0,0.11232876712328767,278.28,0.1775594940185547,put
285.0,0.11232876712328767,278.28,0.1690756921386719,put
300.0,0.11232876712328767,278.28,0.19800606689453126,put
305.0,0.11232876712328767,278.28,0.257819921875,put
320.0,0.11232876712328767,278.28,0.3399724206542969,put
100.0,0.18904109589041096,278.28,0.7578149218750001,put
105.0,0.18904109589041096,278.28,1.1162153564453123,put
110.0,0.18904109589041096,278.28,0.84179845703125,put
115.0,0.18904109589041096,278.28,0.92773509765625,put
120.0,0.18904109589041096,278.28,0.6992217578125001,put
125.0,0.18904109589041096,278.28,0.7392604199218749,put
130.0,0.18904109589041096,278.28,0.7050810742187501,put
135.0,0.18904109589041096,278.28,0.6269568554687501,put
140.0,0.18904109589041096,278.28,0.7812521875,put
145.0,0.18904109589041096,278.28,0.6269568554687501,put
150.0,0.18904109589041096,278.28,0.6015664843750002,put
155.0,0.18904109589041096,278.28,0.5742230078125,put
160.0,0.18904109589041096,278.28,0.543949873046875,put
165.0,0.18904109589041096,278.28,0.5288133056640626,put
170.0,0.18904109589041096,278.28,0.5180712255859375,put
175.0,0.18904109589041096,278.28,0.459966337890625,put
180.0,0.18904109589041096,278.28,0.4414118359375,put
185.0,0.18904109589041096,278.28,0.42529871582031253,put
190.0,0.18904109589041096,278.28,0.4106504248046875,put
195.0,0.18904109589041096,278.28,0.39453730468750003,put
200.0,0.18904109589041096,278.28,0.3806214282226562,put
205.0,0.18904109589041096,278.28,0.3667055517578125,put
210.0,0.18904109589041096,278.28,0.3537662280273437,put
215.0,0.18904109589041096,278.28,0.34180345703125,put
220.0,0.18904109589041096,278.28,0.32910827148437494,put
225.0,0.18904109589041096,278.28,0.31580274047851553,put
230.0,0.18904109589041096,278.28,0.30652548950195313,put
235.0,0.18904109589041096,278.28,0.2973703076171874,put
240.0,0.18904109589041096,278.28,0.2849802947998046,put
245.0,0.18904109589041096,278.28,0.27417718017578124,put
250.0,0.18904109589041096,278.28,0.26532717102050785,put
255.0,0.18904109589041096,278.28,0.255439574584961,put
260.0,0.18904109589041096,278.28,0.2474745663452148,put
265.0,0.18904109589041096,278.28,0.23761748718261716,put
270.0,0.18904109589041096,278.28,0.2287064434814453,put
275.0,0.18904109589041096,278.28,0.22071091796874998,put
280.0,0.18904109589041096,278.28,0.21167780517578122,put
285.0,0.18904109589041096,278.28,0.20407900421142577,put
290.0,0.18904109589041096,278.28,0.19635813415527342,put
295.0,0.18904109589041096,278.28,0.18836260864257812,put
300.0,0.18904109589041096,278.28,0.18042811767578126,put
305.0,0.18904109589041096,278.28,0.1779257012939453,put
310.0,0.18904109589041096,278.28,0.18140467041015623,put
315.0,0.18904109589041096,278.28,0.2264481652832031,put
320.0,0.18904109589041096,278.28,0.25098405273437496,put
325.0,0.18904109589041096,278.28,0.27930408203124996,put
330.0,0.18904109589041096,278.28,0.2940134075927734,put
340.0,0.18904109589041096,278.28,0.5939982006835938,put
350.0,0.18904109589041096,278.28,0.46356737609863286,put
450.0,0.18904109589041096,278.28,0.6366003137207032,put
