S0,K,T,C_mkt,iv_market
278.34,110.0,0.11,169.43,0.0
278.34,120.0,0.11,159.47,0.0
278.34,125.0,0.11,154.5,0.0
278.34,130.0,0.11,149.53,0.0
278.34,135.0,0.11,144.6,0.0
278.34,140.0,0.11,139.72,0.7446
278.34,145.0,0.11,134.62,0.0
278.34,150.0,0.11,129.65,0.0
278.34,155.0,0.11,124.67,0.0
278.34,160.0,0.11,119.8,0.5611
278.34,165.0,0.11,114.72,0.0
278.34,170.0,0.11,109.9,0.5748
278.34,175.0,0.11,104.9,0.518
278.34,180.0,0.11,99.83,0.0
278.34,185.0,0.11,94.9,0.0
278.34,190.0,0.11,89.92,0.397
278.34,195.0,0.11,84.95,0.0
278.34,200.0,0.11,79.97,0.0
278.34,205.0,0.11,75.0,0.0
278.34,210.0,0.11,70.0,0.0
278.34,215.0,0.11,65.1,0.3055
278.34,220.0,0.11,60.23,0.3279
278.34,225.0,0.11,55.28,0.3082
278.34,230.0,0.11,49.8,0.0
278.34,235.0,0.11,45.5,0.2867
278.34,240.0,0.11,40.75,0.2846
278.34,245.0,0.11,35.92,0.2674
278.34,250.0,0.11,31.15,0.2186
278.34,255.0,0.11,26.32,0.2262
278.34,260.0,0.11,22.0,0.2234
278.34,265.0,0.11,18.4,0.2352
278.34,270.0,0.11,14.35,0.2199
278.34,275.0,0.11,10.97,0.2139
278.34,280.0,0.11,8.02,0.2072
278.34,285.0,0.11,5.88,0.2087
278.34,290.0,0.11,3.77,0.1978
278.34,295.0,0.11,2.42,0.1953
278.34,300.0,0.11,1.42,0.1902
278.34,305.0,0.11,0.99,0.1982
278.34,310.0,0.11,0.66,0.2032
278.34,315.0,0.11,0.18,0.1783
278.34,340.0,0.11,0.01,0.3722
278.34,5.0,0.13,273.75,0.0
278.34,10.0,0.13,268.93,0.0
278.34,15.0,0.13,264.0,0.0
278.34,20.0,0.13,259.05,0.0
278.34,25.0,0.13,254.07,0.0
278.34,30.0,0.13,249.02,0.0
278.34,35.0,0.13,244.25,0.0
278.34,40.0,0.13,239.1,0.0
278.34,45.0,0.13,234.1,0.0
278.34,50.0,0.13,229.15,0.0
278.34,55.0,0.13,224.18,0.0
278.34,60.0,0.13,219.28,0.0
278.34,65.0,0.13,214.32,0.0
278.34,70.0,0.13,209.35,0.0
278.34,75.0,0.13,204.38,0.0
278.34,80.0,0.13,199.45,0.0
278.34,85.0,0.13,194.45,0.0
278.34,90.0,0.13,189.4,0.0
278.34,95.0,0.13,184.45,0.0
278.34,100.0,0.13,179.4,0.0
278.34,105.0,0.13,174.5,0.0
278.34,110.0,0.13,169.55,0.0
278.34,115.0,0.13,164.57,0.0
278.34,120.0,0.13,159.6,0.0
278.34,125.0,0.13,154.23,0.0
278.34,130.0,0.13,149.78,0.0
278.34,135.0,0.13,144.7,0.0
278.34,140.0,0.13,139.8,0.9281
278.34,145.0,0.13,134.35,0.0
278.34,150.0,0.13,129.85,0.0
278.34,155.0,0.13,124.88,0.0
278.34,160.0,0.13,119.95,0.0
278.34,165.0,0.13,114.93,0.0
278.34,170.0,0.13,110.08,0.4612
278.34,175.0,0.13,105.05,0.0
278.34,180.0,0.13,100.07,0.0
278.34,185.0,0.13,95.1,0.0
278.34,190.0,0.13,90.15,0.0
278.34,195.0,0.13,85.18,0.0
278.34,200.0,0.13,80.22,0.0
278.34,205.0,0.13,75.25,0.0
278.34,210.0,0.13,70.35,0.3145
278.34,215.0,0.13,65.4,0.3028
278.34,220.0,0.13,60.45,0.2881
278.34,225.0,0.13,55.58,0.2919
278.34,230.0,0.13,50.73,0.2888
278.34,235.0,0.13,45.85,0.2752
278.34,240.0,0.13,41.05,0.2659
278.34,245.0,0.13,36.33,0.2554
278.34,250.0,0.13,31.68,0.2488
278.34,255.0,0.13,27.2,0.24
278.34,260.0,0.13,22.93,0.2334
278.34,265.0,0.13,18.88,0.2263
278.34,270.0,0.13,15.12,0.2201
278.34,275.0,0.13,11.8,0.2149
278.34,280.0,0.13,8.9,0.2099
278.34,285.0,0.13,6.5,0.2055
278.34,290.0,0.13,4.55,0.2021
278.34,295.0,0.13,3.1,0.1993
278.34,300.0,0.13,2.05,0.1982
278.34,305.0,0.13,1.32,0.1975
278.34,310.0,0.13,0.82,0.1975
278.34,315.0,0.13,0.52,0.1986
278.34,320.0,0.13,0.33,0.201
278.34,325.0,0.13,0.21,0.2041
278.34,330.0,0.13,0.13,0.2063
278.34,335.0,0.13,0.09,0.2117
278.34,340.0,0.13,0.07,0.2179
278.34,350.0,0.13,0.04,0.2297
278.34,360.0,0.13,0.04,0.2555
278.34,370.0,0.13,0.03,0.2711
278.34,380.0,0.13,0.02,0.281
278.34,390.0,0.13,0.01,0.3031
278.34,400.0,0.13,0.01,0.324
278.34,410.0,0.13,0.01,0.3442
278.34,420.0,0.13,0.01,0.352
278.34,430.0,0.13,0.01,0.3706
278.34,440.0,0.13,0.01,0.4014
278.34,450.0,0.13,0.01,0.3859
278.34,100.0,0.23,179.65,0.0
278.34,105.0,0.23,174.35,0.0
278.34,110.0,0.23,169.5,0.0
278.34,115.0,0.23,164.45,0.0
278.34,120.0,0.23,159.75,0.0
278.34,125.0,0.23,154.55,0.0
278.34,130.0,0.23,149.88,0.0
278.34,135.0,0.23,144.98,0.0
278.34,140.0,0.23,140.2,0.0
278.34,145.0,0.23,134.98,0.0
278.34,150.0,0.23,130.4,0.4958
278.34,155.0,0.23,124.9,0.0
278.34,160.0,0.23,120.0,0.0
278.34,165.0,0.23,115.03,0.0
278.34,170.0,0.23,110.15,0.0
278.34,175.0,0.23,105.25,0.0
278.34,180.0,0.23,100.35,0.0
278.34,185.0,0.23,95.4,0.0
278.34,190.0,0.23,90.57,0.0
278.34,195.0,0.23,85.68,0.0
278.34,200.0,0.23,81.38,0.3855
278.34,205.0,0.23,76.07,0.307
278.34,210.0,0.23,71.15,0.2917
278.34,215.0,0.23,66.6,0.3229
278.34,220.0,0.23,61.92,0.3228
278.34,225.0,0.23,57.17,0.3123
278.34,230.0,0.23,52.5,0.3035
278.34,235.0,0.23,47.88,0.2942
278.34,240.0,0.23,43.42,0.2889
278.34,245.0,0.23,39.05,0.283
278.34,250.0,0.23,34.78,0.2746
278.34,255.0,0.23,30.65,0.2678
278.34,260.0,0.23,26.7,0.26
278.34,265.0,0.23,23.0,0.2539
278.34,270.0,0.23,19.55,0.2483
278.34,275.0,0.23,16.38,0.243
278.34,280.0,0.23,13.55,0.2389
278.34,285.0,0.23,11.02,0.2349
278.34,290.0,0.23,8.85,0.2317
278.34,295.0,0.23,7.0,0.2295
278.34,300.0,0.23,5.47,0.2272
278.34,305.0,0.23,4.25,0.2262
278.34,310.0,0.23,3.25,0.2253
278.34,315.0,0.23,2.46,0.2248
278.34,320.0,0.23,1.86,0.2249
278.34,325.0,0.23,1.4,0.2254
278.34,330.0,0.23,1.04,0.2258
278.34,335.0,0.23,0.77,0.2264
278.34,340.0,0.23,0.57,0.2278
278.34,350.0,0.23,0.31,0.2299
278.34,360.0,0.23,0.16,0.232
278.34,370.0,0.23,0.09,0.2336
278.34,380.0,0.23,0.04,0.2365
278.34,390.0,0.23,0.04,0.2545
278.34,400.0,0.23,0.03,0.2613
278.34,410.0,0.23,0.02,0.273
278.34,420.0,0.23,0.03,0.2756
278.34,430.0,0.23,0.01,0.2901
278.34,440.0,0.23,0.02,0.3043
278.34,450.0,0.23,0.01,0.2926
278.34,90.0,0.3,189.77,0.0
278.34,95.0,0.3,184.88,0.0
278.34,100.0,0.3,179.75,0.0
278.34,105.0,0.3,175.15,0.0
278.34,110.0,0.3,170.12,0.0
278.34,115.0,0.3,165.1,0.0
278.34,120.0,0.3,160.2,0.0
278.34,125.0,0.3,155.38,0.0
278.34,130.0,0.3,150.48,0.0
278.34,135.0,0.3,145.15,0.0
278.34,140.0,0.3,140.7,0.384
278.34,145.0,0.3,135.38,0.0
278.34,150.0,0.3,130.73,0.0
278.34,155.0,0.3,125.8,0.0
278.34,160.0,0.3,120.65,0.0
278.34,165.0,0.3,115.8,0.0
278.34,170.0,0.3,110.9,0.0
278.34,175.0,0.3,106.22,0.3425
278.34,180.0,0.3,101.2,0.0
278.34,185.0,0.3,96.72,0.3888
278.34,190.0,0.3,91.42,0.2905
278.34,195.0,0.3,87.0,0.3632
278.34,200.0,0.3,82.15,0.3502
278.34,210.0,0.3,72.67,0.3376
278.34,220.0,0.3,63.3,0.3206
278.34,230.0,0.3,54.02,0.2999
278.34,240.0,0.3,45.27,0.2885
278.34,250.0,0.3,36.88,0.2751
278.34,260.0,0.3,29.07,0.2621
278.34,270.0,0.3,22.15,0.2521
278.34,280.0,0.3,16.18,0.2426
278.34,290.0,0.3,11.35,0.2364
278.34,300.0,0.3,7.65,0.2312
278.34,310.0,0.3,5.0,0.2286
278.34,320.0,0.3,3.15,0.2272
278.34,330.0,0.3,1.98,0.227
278.34,340.0,0.3,1.23,0.2282
278.34,350.0,0.3,0.76,0.2304
278.34,360.0,0.3,0.46,0.2326
278.34,370.0,0.3,0.29,0.2357
278.34,380.0,0.3,0.17,0.2375
278.34,390.0,0.3,0.11,0.2408
278.34,400.0,0.3,0.07,0.2481
278.34,410.0,0.3,0.06,0.2532
278.34,420.0,0.3,0.04,0.2593
278.34,430.0,0.3,0.04,0.2694
278.34,440.0,0.3,0.03,0.274
278.34,450.0,0.3,0.03,0.2863
278.34,120.0,0.38,160.73,0.0
278.34,125.0,0.38,155.75,0.0
278.34,130.0,0.38,150.88,0.0
278.34,135.0,0.38,145.8,0.0
278.34,140.0,0.38,140.85,0.0
278.34,145.0,0.38,136.32,0.426
278.34,150.0,0.38,131.18,0.0
278.34,155.0,0.38,126.65,0.4389
278.34,160.0,0.38,121.6,0.3806
278.34,165.0,0.38,116.7,0.3681
278.34,170.0,0.38,111.78,0.3475
278.34,175.0,0.38,106.83,0.319
278.34,180.0,0.38,102.08,0.343
278.34,185.0,0.38,97.35,0.3524
278.34,190.0,0.38,92.58,0.3486
278.34,195.0,0.38,87.8,0.3418
278.34,200.0,0.38,83.2,0.3452
278.34,205.0,0.38,78.35,0.329
278.34,210.0,0.38,73.75,0.326
278.34,215.0,0.38,69.38,0.3298
278.34,220.0,0.38,64.58,0.3129
278.34,225.0,0.38,60.03,0.3046
278.34,230.0,0.38,55.55,0.2968
278.34,235.0,0.38,51.23,0.2905
278.34,240.0,0.38,47.0,0.2863
278.34,245.0,0.38,42.88,0.28
278.34,250.0,0.38,38.8,0.2728
278.34,255.0,0.38,34.92,0.2675
278.34,260.0,0.38,31.27,0.2626
278.34,265.0,0.38,27.75,0.2574
278.34,270.0,0.38,24.43,0.2532
278.34,275.0,0.38,21.38,0.2487
278.34,280.0,0.38,18.5,0.2443
278.34,285.0,0.38,15.93,0.2412
278.34,290.0,0.38,13.57,0.238
278.34,295.0,0.38,11.48,0.2351
278.34,300.0,0.38,9.68,0.2334
278.34,305.0,0.38,8.07,0.2316
278.34,310.0,0.38,6.67,0.2297
278.34,315.0,0.38,5.53,0.2289
278.34,320.0,0.38,4.53,0.2279
278.34,325.0,0.38,3.72,0.2279
278.34,330.0,0.38,3.04,0.2277
278.34,340.0,0.38,2.0,0.2275
278.34,350.0,0.38,1.31,0.2285
278.34,360.0,0.38,0.86,0.2301
278.34,370.0,0.38,0.56,0.2321
278.34,380.0,0.38,0.38,0.2348
278.34,390.0,0.38,0.23,0.2354
278.34,400.0,0.38,0.16,0.2388
278.34,410.0,0.38,0.11,0.2408
278.34,420.0,0.38,0.07,0.2436
278.34,430.0,0.38,0.05,0.245
278.34,440.0,0.38,0.04,0.2473
278.34,450.0,0.38,0.04,0.2622
278.34,5.0,0.46,273.98,0.0
278.34,10.0,0.46,268.93,0.0
278.34,15.0,0.46,264.05,0.0
278.34,20.0,0.46,259.15,0.0
278.34,25.0,0.46,254.2,0.0
278.34,30.0,0.46,249.35,0.0
278.34,35.0,0.46,244.45,0.0
278.34,40.0,0.46,239.55,0.0
278.34,45.0,0.46,234.6,0.0
278.34,50.0,0.46,229.7,0.0
278.34,60.0,0.46,219.88,0.0
278.34,70.0,0.46,209.97,0.0
278.34,80.0,0.46,200.28,0.0
278.34,85.0,0.46,195.38,0.0
278.34,90.0,0.46,190.4,0.0
278.34,95.0,0.46,185.6,0.0
278.34,100.0,0.46,180.65,0.0
278.34,105.0,0.46,175.75,0.0
278.34,110.0,0.46,170.88,0.0
278.34,115.0,0.46,165.8,0.0
278.34,120.0,0.46,161.18,0.4667
278.34,125.0,0.46,155.93,0.0
278.34,130.0,0.46,151.45,0.4735
278.34,135.0,0.46,146.38,0.0
278.34,140.0,0.46,141.45,0.0
278.34,145.0,0.46,136.7,0.3999
278.34,150.0,0.46,131.88,0.4078
278.34,155.0,0.46,126.83,0.3963
278.34,160.0,0.46,121.95,0.3326
278.34,165.0,0.46,117.25,0.3716
278.34,170.0,0.46,112.45,0.3699
278.34,175.0,0.46,107.75,0.3758
278.34,180.0,0.46,102.9,0.3622
278.34,185.0,0.46,98.33,0.37
278.34,190.0,0.46,93.68,0.367
278.34,195.0,0.46,88.9,0.3545
278.34,200.0,0.46,84.22,0.3465
278.34,210.0,0.46,74.92,0.3283
278.34,220.0,0.46,66.08,0.3175
278.34,230.0,0.46,57.3,0.3052
278.34,240.0,0.46,49.0,0.2944
278.34,250.0,0.46,41.12,0.2835
278.34,260.0,0.46,33.8,0.2733
278.34,270.0,0.46,27.15,0.2641
278.34,280.0,0.46,21.3,0.2563
278.34,290.0,0.46,16.3,0.2497
278.34,300.0,0.46,12.23,0.2451
278.34,310.0,0.46,8.98,0.2415
278.34,320.0,0.46,6.5,0.2394
278.34,330.0,0.46,4.62,0.2378
278.34,340.0,0.46,3.28,0.2375
278.34,350.0,0.46,2.31,0.2381
278.34,360.0,0.46,1.62,0.2387
278.34,370.0,0.46,1.14,0.2399
278.34,380.0,0.46,0.79,0.2414
278.34,390.0,0.46,0.55,0.243
278.34,400.0,0.46,0.39,0.2447
278.34,410.0,0.46,0.26,0.2442
278.34,420.0,0.46,0.19,0.2481
278.34,430.0,0.46,0.14,0.2503
278.34,440.0,0.46,0.1,0.252
278.34,450.0,0.46,0.08,0.2585
278.34,5.0,0.55,273.98,1.7925
278.34,10.0,0.55,269.0,1.0776
278.34,15.0,0.55,264.15,1.5668
278.34,20.0,0.55,259.05,0.577
278.34,25.0,0.55,254.38,1.316
278.34,30.0,0.55,249.3,0.0
278.34,35.0,0.55,244.32,0.0
278.34,40.0,0.55,239.43,0.0
278.34,45.0,0.55,234.68,0.8446
278.34,50.0,0.55,229.75,0.0
278.34,55.0,0.55,224.93,0.7853
278.34,60.0,0.55,220.07,0.7843
278.34,65.0,0.55,215.07,0.0
278.34,70.0,0.55,210.32,0.722
278.34,75.0,0.55,205.18,0.0
278.34,80.0,0.55,200.38,0.0
278.34,85.0,0.55,195.6,0.5409
278.34,90.0,0.55,190.55,0.0
278.34,95.0,0.55,185.85,0.5185
278.34,100.0,0.55,180.82,0.0
278.34,105.0,0.55,176.12,0.5091
278.34,110.0,0.55,171.2,0.4514
278.34,115.0,0.55,166.23,0.0
278.34,120.0,0.55,161.45,0.427
278.34,125.0,0.55,156.6,0.4289
278.34,130.0,0.55,151.62,0.0
278.34,135.0,0.55,146.78,0.3493
278.34,140.0,0.55,142.02,0.4013
278.34,145.0,0.55,137.07,0.3597
278.34,150.0,0.55,132.32,0.3817
278.34,155.0,0.55,127.7,0.4055
278.34,160.0,0.55,122.83,0.3876
278.34,165.0,0.55,117.95,0.3702
278.34,170.0,0.55,113.42,0.3858
278.34,175.0,0.55,108.67,0.3769
278.34,180.0,0.55,103.78,0.357
278.34,185.0,0.55,99.03,0.3473
278.34,190.0,0.55,94.65,0.355
278.34,195.0,0.55,89.9,0.3434
278.34,200.0,0.55,85.45,0.3422
278.34,205.0,0.55,80.85,0.3324
278.34,210.0,0.55,76.35,0.3272
278.34,215.0,0.55,71.97,0.3183
278.34,220.0,0.55,67.58,0.3142
278.34,225.0,0.55,63.3,0.3092
278.34,230.0,0.55,59.08,0.3033
278.34,235.0,0.55,54.95,0.2977
278.34,240.0,0.55,50.92,0.2923
278.34,245.0,0.55,47.02,0.2873
278.34,250.0,0.55,43.25,0.2825
278.34,255.0,0.55,39.58,0.2774
278.34,260.0,0.55,36.08,0.273
278.34,265.0,0.55,32.72,0.2687
278.34,270.0,0.55,29.52,0.2647
278.34,275.0,0.55,26.55,0.261
278.34,280.0,0.55,23.73,0.2573
278.34,285.0,0.55,21.1,0.254
278.34,290.0,0.55,18.68,0.2513
278.34,300.0,0.55,14.48,0.2465
278.34,310.0,0.55,11.02,0.2429
278.34,320.0,0.55,8.27,0.2402
278.34,330.0,0.55,6.15,0.2386
278.34,340.0,0.55,4.53,0.2376
278.34,350.0,0.55,3.3,0.237
278.34,360.0,0.55,2.42,0.2376
278.34,370.0,0.55,1.77,0.2385
278.34,380.0,0.55,1.29,0.2397
278.34,390.0,0.55,0.94,0.2406
278.34,400.0,0.55,0.69,0.2422
278.34,410.0,0.55,0.51,0.2443
278.34,420.0,0.55,0.38,0.2459
278.34,430.0,0.55,0.28,0.2479
278.34,440.0,0.55,0.21,0.2509
278.34,450.0,0.55,0.17,0.2536
278.34,160.0,0.63,123.53,0.3939
278.34,165.0,0.63,118.75,0.383
278.34,170.0,0.63,113.92,0.368
278.34,175.0,0.63,109.38,0.3705
278.34,180.0,0.63,104.62,0.3589
278.34,185.0,0.63,100.03,0.3542
278.34,190.0,0.63,95.43,0.3478
278.34,195.0,0.63,90.88,0.3419
278.34,200.0,0.63,85.8,0.3161
278.34,205.0,0.63,81.85,0.3287
278.34,210.0,0.63,77.4,0.322
278.34,215.0,0.63,73.1,0.3178
278.34,220.0,0.63,68.8,0.3121
278.34,225.0,0.63,64.5,0.3049
278.34,230.0,0.63,60.38,0.3
278.34,235.0,0.63,56.33,0.2949
278.34,240.0,0.63,52.38,0.2899
278.34,245.0,0.63,48.55,0.2854
278.34,250.0,0.63,44.8,0.2804
278.34,255.0,0.63,41.23,0.2762
278.34,260.0,0.63,37.77,0.2721
278.34,265.0,0.63,34.48,0.2681
278.34,270.0,0.63,31.3,0.264
278.34,275.0,0.63,28.32,0.2604
278.34,280.0,0.63,25.5,0.2569
278.34,285.0,0.63,22.88,0.2538
278.34,290.0,0.63,20.45,0.2511
278.34,295.0,0.63,18.23,0.2486
278.34,300.0,0.63,16.15,0.2465
278.34,305.0,0.63,14.25,0.2443
278.34,310.0,0.63,12.53,0.2423
278.34,315.0,0.63,11.03,0.2412
278.34,320.0,0.63,9.68,0.2402
278.34,325.0,0.63,8.4,0.2384
278.34,330.0,0.63,7.32,0.2377
278.34,335.0,0.63,6.38,0.2371
278.34,340.0,0.63,5.55,0.2368
278.34,345.0,0.63,4.8,0.2363
278.34,350.0,0.63,4.18,0.2364
278.34,355.0,0.63,3.6,0.236
278.34,360.0,0.63,3.14,0.2366
278.34,365.0,0.63,2.71,0.2366
278.34,370.0,0.63,2.34,0.2373
278.34,380.0,0.63,1.75,0.2376
278.34,390.0,0.63,1.32,0.2388
278.34,400.0,0.63,1.0,0.2402
278.34,410.0,0.63,0.76,0.2422
278.34,110.0,0.73,172.0,0.4991
278.34,115.0,0.73,166.9,0.3936
278.34,120.0,0.73,162.38,0.4738
278.34,125.0,0.73,157.45,0.4413
278.34,130.0,0.73,152.65,0.4318
278.34,135.0,0.73,147.72,0.4016
278.34,140.0,0.73,143.15,0.422
278.34,145.0,0.73,138.2,0.3925
278.34,150.0,0.73,133.48,0.3887
278.34,155.0,0.73,128.95,0.3988
278.34,160.0,0.73,124.0,0.3734
278.34,165.0,0.73,119.45,0.3765
278.34,170.0,0.73,114.65,0.362
278.34,175.0,0.73,110.15,0.3631
278.34,180.0,0.73,105.53,0.3558
278.34,185.0,0.73,100.93,0.3486
278.34,190.0,0.73,96.53,0.3474
278.34,195.0,0.73,91.9,0.337
278.34,200.0,0.73,87.62,0.3363
278.34,210.0,0.73,78.88,0.3242
278.34,220.0,0.73,70.35,0.3124
278.34,230.0,0.73,62.15,0.3019
278.34,240.0,0.73,54.4,0.2935
278.34,250.0,0.73,47.02,0.2848
278.34,260.0,0.73,40.15,0.2769
278.34,270.0,0.73,33.83,0.2697
278.34,280.0,0.73,28.15,0.2636
278.34,290.0,0.73,23.05,0.2576
278.34,300.0,0.73,18.65,0.2529
278.34,310.0,0.73,14.95,0.2494
278.34,320.0,0.73,11.82,0.2462
278.34,330.0,0.73,9.3,0.2441
278.34,340.0,0.73,7.28,0.2428
278.34,350.0,0.73,5.65,0.2418
278.34,360.0,0.73,4.38,0.2413
278.34,370.0,0.73,3.4,0.2417
278.34,380.0,0.73,2.63,0.242
278.34,390.0,0.73,2.04,0.2426
278.34,400.0,0.73,1.59,0.2439
278.34,410.0,0.73,1.24,0.2451
278.34,420.0,0.73,0.98,0.2469
278.34,430.0,0.73,0.77,0.2488
278.34,440.0,0.73,0.61,0.2506
278.34,450.0,0.73,0.49,0.2528
278.34,50.0,0.8,230.12,0.6597
278.34,55.0,0.8,225.38,0.7172
278.34,60.0,0.8,220.48,0.6292
278.34,65.0,0.8,215.68,0.6305
278.34,70.0,0.8,210.82,0.5915
278.34,75.0,0.8,206.02,0.587
278.34,80.0,0.8,201.18,0.5535
278.34,85.0,0.8,196.47,0.5564
278.34,90.0,0.8,191.57,0.5362
278.34,95.0,0.8,186.77,0.5243
278.34,100.0,0.8,181.7,0.0
278.34,105.0,0.8,177.2,0.5032
278.34,110.0,0.8,172.1,0.3979
278.34,115.0,0.8,167.3,0.3999
278.34,120.0,0.8,162.65,0.434
278.34,125.0,0.8,157.75,0.4025
278.34,130.0,0.8,152.98,0.3975
278.34,135.0,0.8,148.43,0.4199
278.34,140.0,0.8,143.68,0.4107
278.34,145.0,0.8,138.75,0.3841
278.34,150.0,0.8,134.0,0.3754
278.34,155.0,0.8,129.2,0.3619
278.34,160.0,0.8,124.55,0.3598
278.34,165.0,0.8,119.93,0.3569
278.34,170.0,0.8,115.47,0.3611
278.34,175.0,0.8,110.8,0.3517
278.34,180.0,0.8,106.47,0.3556
278.34,185.0,0.8,101.95,0.3495
278.34,190.0,0.8,97.45,0.343
278.34,195.0,0.8,92.95,0.3356
278.34,200.0,0.8,88.62,0.33
278.34,205.0,0.8,84.28,0.3262
278.34,210.0,0.8,79.97,0.3206
278.34,215.0,0.8,75.75,0.3148
278.34,220.0,0.8,71.6,0.3104
278.34,225.0,0.8,67.5,0.3051
278.34,230.0,0.8,63.58,0.3015
278.34,235.0,0.8,59.67,0.2969
278.34,240.0,0.8,55.92,0.2933
278.34,245.0,0.8,52.17,0.2883
278.34,250.0,0.8,48.65,0.285
278.34,255.0,0.8,45.12,0.2804
278.34,260.0,0.8,41.85,0.2774
278.34,265.0,0.8,38.62,0.2736
278.34,270.0,0.8,35.55,0.2702
278.34,275.0,0.8,32.62,0.267
278.34,280.0,0.8,29.85,0.2639
278.34,285.0,0.8,27.2,0.2608
278.34,290.0,0.8,24.75,0.2583
278.34,295.0,0.8,22.4,0.2554
278.34,300.0,0.8,20.3,0.2536
278.34,310.0,0.8,16.48,0.2498
278.34,320.0,0.8,13.22,0.2464
278.34,330.0,0.8,10.57,0.2444
278.34,340.0,0.8,8.38,0.2425
278.34,350.0,0.8,6.62,0.2415
278.34,360.0,0.8,5.2,0.2406
278.34,370.0,0.8,4.1,0.2406
278.34,380.0,0.8,3.22,0.2409
278.34,390.0,0.8,2.54,0.2415
278.34,400.0,0.8,2.02,0.2426
278.34,410.0,0.8,1.6,0.2438
278.34,420.0,0.8,1.29,0.2454
278.34,430.0,0.8,1.04,0.2471
278.34,440.0,0.8,0.83,0.249
278.34,450.0,0.8,0.69,0.2513
278.34,460.0,0.8,0.55,0.2536
278.34,470.0,0.8,0.46,0.2553
278.34,480.0,0.8,0.39,0.258
278.34,490.0,0.8,0.32,0.2607
278.34,500.0,0.8,0.28,0.2634
278.34,510.0,0.8,0.24,0.2662
278.34,520.0,0.8,0.2,0.2683
278.34,530.0,0.8,0.15,0.2663
278.34,5.0,1.05,274.1,1.9058
278.34,10.0,1.05,269.08,1.4259
278.34,15.0,1.05,264.2,1.1889
278.34,20.0,1.05,259.35,0.9372
278.34,25.0,1.05,254.55,0.8726
278.34,30.0,1.05,249.73,0.7812
278.34,35.0,1.05,244.93,0.7349
278.34,40.0,1.05,240.12,0.6908
278.34,45.0,1.05,235.32,0.6483
278.34,50.0,1.05,230.6,0.6694
278.34,60.0,1.05,220.98,0.5792
278.34,70.0,1.05,211.43,0.5453
278.34,80.0,1.05,201.9,0.5197
278.34,85.0,1.05,197.0,0.454
278.34,90.0,1.05,192.38,0.4914
278.34,95.0,1.05,187.55,0.4625
278.34,100.0,1.05,182.8,0.4526
278.34,105.0,1.05,178.2,0.4663
278.34,110.0,1.05,173.45,0.4524
278.34,115.0,1.05,168.68,0.4356
278.34,120.0,1.05,163.7,0.393
278.34,125.0,1.05,159.27,0.4188
278.34,130.0,1.05,154.6,0.4113
278.34,135.0,1.05,149.93,0.403
278.34,140.0,1.05,144.97,0.3743
278.34,145.0,1.05,140.62,0.3873
278.34,150.0,1.05,135.72,0.3646
278.34,155.0,1.05,131.15,0.3605
278.34,160.0,1.05,126.65,0.3584
278.34,165.0,1.05,122.12,0.3536
278.34,170.0,1.05,117.58,0.3468
278.34,175.0,1.05,113.17,0.3442
278.34,180.0,1.05,108.95,0.3451
278.34,185.0,1.05,104.53,0.3388
278.34,190.0,1.05,100.08,0.3312
278.34,195.0,1.05,95.9,0.329
278.34,200.0,1.05,91.67,0.3245
278.34,210.0,1.05,83.45,0.3167
278.34,220.0,1.05,75.47,0.3088
278.34,230.0,1.05,67.78,0.3009
278.34,240.0,1.05,60.48,0.2941
278.34,250.0,1.05,53.52,0.2873
278.34,260.0,1.05,46.98,0.2807
278.34,270.0,1.05,40.88,0.2746
278.34,280.0,1.05,35.25,0.2688
278.34,290.0,1.05,30.18,0.2639
278.34,300.0,1.05,25.62,0.2594
278.34,310.0,1.05,21.57,0.2556
278.34,320.0,1.05,18.07,0.2526
278.34,330.0,1.05,15.0,0.2495
278.34,340.0,1.05,12.43,0.2477
278.34,350.0,1.05,10.32,0.2466
278.34,360.0,1.05,8.48,0.2451
278.34,370.0,1.05,6.97,0.2444
278.34,380.0,1.05,5.75,0.2443
278.34,390.0,1.05,4.72,0.2441
278.34,400.0,1.05,3.9,0.2445
278.34,410.0,1.05,3.22,0.2451
278.34,420.0,1.05,2.67,0.2458
278.34,430.0,1.05,2.22,0.2469
278.34,440.0,1.05,1.87,0.2484
278.34,450.0,1.05,1.57,0.2497
278.34,460.0,1.05,1.33,0.2516
278.34,470.0,1.05,1.14,0.2535
278.34,480.0,1.05,0.98,0.2556
278.34,490.0,1.05,0.84,0.2576
278.34,500.0,1.05,0.73,0.2599
278.34,510.0,1.05,0.64,0.2621
278.34,520.0,1.05,0.56,0.2647
278.34,530.0,1.05,0.49,0.2668
278.34,5.0,1.13,274.1,1.7921
278.34,10.0,1.13,269.1,1.2538
278.34,15.0,1.13,264.2,0.9221
278.34,20.0,1.13,259.4,0.8121
278.34,25.0,1.13,254.6,0.6342
278.34,30.0,1.13,249.82,0.658
278.34,35.0,1.13,245.02,0.0
278.34,40.0,1.13,240.27,0.6168
278.34,45.0,1.13,235.48,0.4953
278.34,50.0,1.13,230.73,0.5702
278.34,60.0,1.13,221.23,0.5666
278.34,70.0,1.13,211.73,0.5414
278.34,80.0,1.13,202.23,0.512
278.34,85.0,1.13,197.5,0.503
278.34,90.0,1.13,192.6,0.449
278.34,95.0,1.13,188.05,0.4809
278.34,100.0,1.13,183.27,0.4611
278.34,105.0,1.13,178.55,0.4497
278.34,110.0,1.13,173.62,0.4083
278.34,115.0,1.13,169.0,0.4138
278.34,120.0,1.13,164.5,0.426
278.34,125.0,1.13,159.8,0.415
278.34,130.0,1.13,155.12,0.4058
278.34,135.0,1.13,150.5,0.3993
278.34,140.0,1.13,145.45,0.364
278.34,145.0,1.13,141.23,0.3824
278.34,150.0,1.13,136.4,0.3638
278.34,155.0,1.13,131.8,0.3568
278.34,160.0,1.13,127.28,0.3524
278.34,165.0,1.13,122.85,0.3504
278.34,170.0,1.13,118.6,0.3525
278.34,175.0,1.13,113.9,0.3392
278.34,180.0,1.13,109.78,0.3418
278.34,185.0,1.13,105.43,0.3367
278.34,190.0,1.13,101.08,0.3307
278.34,195.0,1.13,96.88,0.3271
278.34,200.0,1.13,92.72,0.3235
278.34,210.0,1.13,84.5,0.3144
278.34,220.0,1.13,76.62,0.3072
278.34,230.0,1.13,69.0,0.2996
278.34,240.0,1.13,61.77,0.2931
278.34,250.0,1.13,54.88,0.2864
278.34,260.0,1.13,48.38,0.2801
278.34,270.0,1.13,42.35,0.2745
278.34,280.0,1.13,36.75,0.269
278.34,290.0,1.13,31.65,0.264
278.34,300.0,1.13,27.1,0.2598
278.34,310.0,1.13,23.0,0.2561
278.34,320.0,1.13,19.43,0.253
278.34,330.0,1.13,16.32,0.2504
278.34,340.0,1.13,13.62,0.248
278.34,350.0,1.13,11.38,0.2466
278.34,360.0,1.13,9.45,0.2452
278.34,370.0,1.13,7.83,0.2441
278.34,380.0,1.13,6.53,0.2441
278.34,390.0,1.13,5.4,0.2436
278.34,400.0,1.13,4.47,0.2436
278.34,410.0,1.13,3.72,0.2439
278.34,420.0,1.13,3.1,0.2444
278.34,430.0,1.13,2.6,0.2453
278.34,440.0,1.13,2.19,0.2463
278.34,450.0,1.13,1.85,0.2478
278.34,460.0,1.13,1.58,0.2493
278.34,470.0,1.13,1.35,0.2511
278.34,480.0,1.13,1.17,0.2528
278.34,490.0,1.13,1.01,0.2548
278.34,500.0,1.13,0.88,0.2569
278.34,510.0,1.13,0.77,0.259
278.34,520.0,1.13,0.68,0.261
278.34,530.0,1.13,0.59,0.2632
278.34,5.0,1.55,274.05,1.5756
278.34,10.0,1.55,269.12,1.2018
278.34,15.0,1.55,264.27,0.974
278.34,20.0,1.55,259.52,0.8622
278.34,25.0,1.55,254.8,0.7899
278.34,30.0,1.55,250.07,0.7308
278.34,35.0,1.55,245.35,0.6804
278.34,40.0,1.55,240.65,0.6483
278.34,45.0,1.55,235.95,0.618
278.34,50.0,1.55,231.25,0.5898
278.34,55.0,1.55,226.53,0.5546
278.34,60.0,1.55,221.85,0.538
278.34,65.0,1.55,217.15,0.5149
278.34,70.0,1.55,212.5,0.505
278.34,75.0,1.55,207.82,0.489
278.34,80.0,1.55,203.18,0.4776
278.34,85.0,1.55,198.53,0.4657
278.34,90.0,1.55,193.95,0.4625
278.34,95.0,1.55,189.23,0.4412
278.34,100.0,1.55,184.65,0.4363
278.34,105.0,1.55,180.05,0.4277
278.34,110.0,1.55,175.47,0.4203
278.34,115.0,1.55,170.88,0.4105
278.34,120.0,1.55,166.35,0.4049
278.34,125.0,1.55,161.77,0.3957
278.34,130.0,1.55,157.25,0.3886
278.34,135.0,1.55,152.75,0.382
278.34,140.0,1.55,148.25,0.3748
278.34,145.0,1.55,143.82,0.3697
278.34,150.0,1.55,139.4,0.3639
278.34,155.0,1.55,135.02,0.3588
278.34,160.0,1.55,130.53,0.351
278.34,165.0,1.55,126.22,0.346
278.34,170.0,1.55,121.97,0.3413
278.34,175.0,1.55,117.72,0.3378
278.34,180.0,1.55,113.57,0.3328
278.34,185.0,1.55,109.43,0.3289
278.34,190.0,1.55,105.38,0.3252
278.34,195.0,1.55,101.32,0.3214
278.34,200.0,1.55,97.47,0.3195
278.34,210.0,1.55,89.7,0.3121
278.34,220.0,1.55,82.25,0.3058
278.34,230.0,1.55,75.05,0.2995
278.34,240.0,1.55,68.15,0.2936
278.34,250.0,1.55,61.62,0.288
278.34,260.0,1.55,55.45,0.2829
278.34,270.0,1.55,49.67,0.2783
278.34,280.0,1.55,44.27,0.2739
278.34,290.0,1.55,39.2,0.2693
278.34,300.0,1.55,34.65,0.266
278.34,310.0,1.55,30.4,0.2622
278.34,320.0,1.55,26.65,0.2595
278.34,330.0,1.55,23.27,0.2571
278.34,340.0,1.55,20.25,0.2548
278.34,350.0,1.55,17.6,0.2531
278.34,360.0,1.55,15.22,0.2514
278.34,370.0,1.55,13.15,0.2502
278.34,380.0,1.55,11.4,0.2493
278.34,390.0,1.55,9.82,0.2483
278.34,400.0,1.55,8.5,0.2479
278.34,410.0,1.55,7.35,0.2476
278.34,420.0,1.55,6.35,0.2474
278.34,430.0,1.55,5.47,0.2472
278.34,440.0,1.55,4.75,0.2476
278.34,450.0,1.55,4.12,0.2478
278.34,460.0,1.55,3.6,0.2485
278.34,470.0,1.55,3.15,0.2493
278.34,480.0,1.55,2.75,0.2499
278.34,490.0,1.55,2.42,0.2508
278.34,500.0,1.55,2.13,0.2517
278.34,510.0,1.55,1.9,0.253
278.34,520.0,1.55,1.69,0.2543
278.34,530.0,1.55,1.5,0.2557
278.34,5.0,2.05,274.0,0.9924
278.34,10.0,2.05,269.0,0.5388
278.34,15.0,2.05,264.5,0.8855
278.34,20.0,2.05,259.5,0.0
278.34,25.0,2.05,255.0,0.5556
278.34,30.0,2.05,250.5,0.65
278.34,35.0,2.05,245.5,0.0
278.34,40.0,2.05,241.0,0.0
278.34,45.0,2.05,236.5,0.5004
278.34,50.0,2.05,232.0,0.5255
278.34,55.0,2.05,227.0,0.0
278.34,60.0,2.05,222.5,0.0
278.34,65.0,2.05,218.0,0.4183
278.34,70.0,2.05,213.5,0.434
278.34,75.0,2.05,208.8,0.4371
278.34,80.0,2.05,204.5,0.435
278.34,85.0,2.05,200.0,0.4302
278.34,90.0,2.05,195.45,0.4192
278.34,95.0,2.05,191.0,0.416
278.34,100.0,2.05,186.5,0.4077
278.34,105.0,2.05,182.0,0.399
278.34,110.0,2.05,177.5,0.39
278.34,115.0,2.05,173.0,0.3808
278.34,120.0,2.05,168.5,0.3714
278.34,125.0,2.05,164.25,0.3722
278.34,130.0,2.05,159.75,0.3622
278.34,135.0,2.05,155.5,0.3604
278.34,140.0,2.05,151.25,0.3574
278.34,145.0,2.05,146.75,0.3468
278.34,150.0,2.05,142.75,0.3487
278.34,155.0,2.05,138.25,0.3378
278.34,160.0,2.05,134.5,0.3427
278.34,165.0,2.05,130.25,0.3362
278.34,170.0,2.05,126.28,0.3343
278.34,175.0,2.05,122.2,0.3298
278.34,180.0,2.05,118.3,0.3275
278.34,185.0,2.05,114.38,0.3241
278.34,190.0,2.05,110.53,0.3211
278.34,195.0,2.05,106.72,0.3181
278.34,200.0,2.05,102.85,0.3136
278.34,205.0,2.05,99.25,0.3118
278.34,210.0,2.05,95.65,0.3093
278.34,215.0,2.05,92.1,0.3067
278.34,220.0,2.05,88.55,0.3036
278.34,225.0,2.05,85.12,0.301
278.34,230.0,2.05,81.7,0.298
278.34,235.0,2.05,78.47,0.2961
278.34,240.0,2.05,75.22,0.2935
278.34,245.0,2.05,72.05,0.2909
278.34,250.0,2.05,69.03,0.289
278.34,255.0,2.05,66.08,0.2872
278.34,260.0,2.05,63.02,0.284
278.34,265.0,2.05,60.1,0.2813
278.34,270.0,2.05,57.55,0.2808
278.34,275.0,2.05,54.62,0.2771
278.34,280.0,2.05,52.27,0.2769
278.34,285.0,2.05,49.8,0.2752
278.34,290.0,2.05,47.35,0.2733
278.34,295.0,2.05,44.97,0.2714
278.34,300.0,2.05,42.72,0.27
278.34,305.0,2.05,40.58,0.2685
278.34,310.0,2.05,38.5,0.2669
278.34,315.0,2.05,36.5,0.2657
278.34,320.0,2.05,34.62,0.2646
278.34,325.0,2.05,32.8,0.2633
278.34,330.0,2.05,31.05,0.2622
278.34,335.0,2.05,29.4,0.2613
278.34,340.0,2.05,27.83,0.2602
278.34,345.0,2.05,26.33,0.2593
278.34,350.0,2.05,24.88,0.2586
278.34,355.0,2.05,23.52,0.2577
278.34,360.0,2.05,22.23,0.2571
278.34,365.0,2.05,21.02,0.2564
278.34,370.0,2.05,19.85,0.2559
278.34,375.0,2.05,18.75,0.2552
278.34,380.0,2.05,17.7,0.2546
278.34,385.0,2.05,16.73,0.2543
278.34,390.0,2.05,15.8,0.2539
278.34,395.0,2.05,14.9,0.2534
278.34,400.0,2.05,14.07,0.2533
278.34,405.0,2.05,13.3,0.2529
278.34,410.0,2.05,12.55,0.2526
278.34,415.0,2.05,11.85,0.2524
278.34,420.0,2.05,11.18,0.252
278.34,425.0,2.05,10.57,0.2521
278.34,430.0,2.05,9.97,0.2518
278.34,435.0,2.05,9.43,0.2517
278.34,440.0,2.05,8.88,0.2514
278.34,450.0,2.05,7.93,0.2513
278.34,460.0,2.05,7.05,0.251
278.34,470.0,2.05,6.3,0.2511
278.34,480.0,2.05,5.62,0.2511
278.34,490.0,2.05,5.03,0.2511
278.34,500.0,2.05,4.47,0.251
278.34,510.0,2.05,4.0,0.2511
278.34,520.0,2.05,3.58,0.2512
278.34,530.0,2.05,3.2,0.2514
278.34,5.0,2.14,274.0,1.0677
278.34,10.0,2.14,269.0,0.6382
278.34,15.0,2.14,264.5,0.8901
278.34,20.0,2.14,259.5,0.0
278.34,25.0,2.14,255.0,0.5597
278.34,30.0,2.14,250.5,0.6273
278.34,35.0,2.14,246.0,0.6277
278.34,40.0,2.14,241.0,0.0
278.34,45.0,2.14,236.5,0.0
278.34,50.0,2.14,232.0,0.467
278.34,60.0,2.14,223.0,0.4846
278.34,70.0,2.14,214.0,0.4728
278.34,80.0,2.14,205.0,0.4543
278.34,90.0,2.14,196.0,0.4336
278.34,100.0,2.14,187.0,0.4123
278.34,110.0,2.14,178.0,0.3911
278.34,120.0,2.14,169.25,0.3806
278.34,130.0,2.14,160.5,0.3674
278.34,135.0,2.14,156.25,0.3639
278.34,140.0,2.14,151.75,0.3527
278.34,145.0,2.14,147.75,0.3546
278.34,150.0,2.14,143.5,0.349
278.34,155.0,2.14,139.25,0.343
278.34,160.0,2.14,135.25,0.3415
278.34,165.0,2.14,131.0,0.3346
278.34,170.0,2.14,126.92,0.3304
278.34,175.0,2.14,122.93,0.3269
278.34,180.0,2.14,119.0,0.3239
278.34,185.0,2.14,115.03,0.3195
278.34,190.0,2.14,111.22,0.317
278.34,195.0,2.14,107.45,0.3142
278.34,200.0,2.14,103.75,0.3116
278.34,210.0,2.14,96.47,0.306
278.34,220.0,2.14,89.53,0.3015
278.34,230.0,2.14,82.83,0.297
278.34,240.0,2.14,76.12,0.2904
278.34,250.0,2.14,70.22,0.2881
278.34,260.0,2.14,64.38,0.2841
278.34,270.0,2.14,58.83,0.2801
278.34,280.0,2.14,53.6,0.2765
278.34,290.0,2.14,48.7,0.2731
278.34,300.0,2.14,44.1,0.2698
278.34,310.0,2.14,39.88,0.267
278.34,320.0,2.14,35.92,0.2644
278.34,330.0,2.14,32.35,0.262
278.34,340.0,2.14,29.05,0.2599
278.34,350.0,2.14,26.07,0.2584
278.34,360.0,2.14,23.38,0.2568
278.34,370.0,2.14,20.95,0.2555
278.34,380.0,2.14,18.75,0.2544
278.34,390.0,2.14,16.8,0.2536
278.34,400.0,2.14,15.03,0.2528
278.34,410.0,2.14,13.43,0.2521
278.34,420.0,2.14,12.03,0.2517
278.34,430.0,2.14,10.72,0.2511
278.34,440.0,2.14,9.65,0.2513
278.34,450.0,2.14,8.65,0.2512
278.34,460.0,2.14,7.75,0.251
278.34,470.0,2.14,6.95,0.2513
278.34,480.0,2.14,6.22,0.251
278.34,490.0,2.14,5.57,0.2509
278.34,500.0,2.14,5.0,0.2509
278.34,510.0,2.14,4.5,0.2515
278.34,520.0,2.14,4.05,0.2514
278.34,530.0,2.14,3.65,0.2517
