symbol,n_contracts
A,100
AA,100
AAAU,100
AAL,100
AAMI,86
AAOI,100
AAON,100
AAP,100
AAPB,100
AAPD,100
AAPL,100
AAPU,100
AAPW,100
AAPX,100
AAPY,88
AAT,96
AAXJ,100
AB,74
ABAT,100
ABBV,100
ABCB,100
ABCL,100
ABEO,78
ABEV,84
ABFL,100
ABG,100
ABL,66
ABM,86
ABNB,100
ABNG,88
ABNY,100
ABOS,24
ABR,100
ABSI,82
ABT,100
ABTC,100
ABUS,94
ABVC,24
ABVE,30
ABVX,100
ACA,100
ACAD,100
ACB,100
ACCO,24
ACDC,90
ACEL,66
ACES,100
ACET,56
ACGL,100
ACHC,100
ACHR,100
ACHV,38
ACI,100
ACIC,100
ACIO,100
ACIU,24
ACIW,82
ACLS,100
ACLX,100
ACM,100
ACMR,100
ACN,100
ACNB,78
ACNT,100
ACR,64
ACRE,24
ACRS,82
ACT,72
ACTG,24
ACVA,62
ACWI,100
ACWV,100
ACWX,100
ACXP,22
AD,100
ADAM,40
ADBE,100
ADBG,100
ADC,100
ADCT,24
ADEA,80
ADI,100
ADM,100
ADMA,100
ADNT,100
ADP,100
ADPT,96
ADSE,86
ADSK,100
ADT,100
ADTN,100
ADUR,88
ADUS,100
ADV,24
AEBI,20
AEE,100
AEG,48
AEHR,100
AEM,100
AEO,100
AER,100
AEXA,64
AFCG,28
AFK,100
AFYA,90
AG,100
AGCO,100
AGEN,100
AGG,100
AGIO,100
AGIX,100
AGM,100
AGNC,100
AGNG,88
AGX,100
AGZ,88
AHCO,80
AHH,40
AHR,80
AI,100
AIBU,100
AIEQ,96
AIG,100
AIN,66
AIOT,30
AIPI,100
AIR,100
AIRS,100
AKAM,100
AKBA,98
AL,100
ALEC,56
ALG,100
ALGN,100
ALGT,100
ALIT,94
ALK,100
ALKS,100
ALKT,100
ALLE,100
ALMS,100
ALMU,100
ALNT,100
ALRM,100
ALRS,56
ALSN,100
ALT,100
ALTL,100
ALTS,100
ALV,100
AM,100
AMAT,100
AMBA,100
AMBR,40
AMC,100
AMCX,88
AMD,100
AMDW,100
AMG,100
AMKR,100
AMPH,84
AMPX,100
AMR,100
AMRN,100
AMRX,68
AMSC,100
AMT,100
AMTM,100
AMYY,100
AMZD,100
AMZN,100
AMZU,100
AMZZ,100
AN,100
ANDE,90
ANEW,100
ANF,100
ANGI,100
ANGL,66
ANGO,72
ANGX,46
ANIK,70
ANIP,100
ANIX,28
ANNX,94
ANRO,80
ANVS,100
ANY,32
AOA,100
AOM,96
AON,100
AOR,100
AORT,82
AOS,100
AOSL,100
AOUT,56
AP,24
APA,100
APAM,82
APD,100
APEI,78
APG,100
APGE,100
APH,100
API,24
APLD,100
APLE,74
APLS,100
APLT,84
APLX,100
APLY,88
APO,100
APOG,82
APP,100
APPF,100
APPN,100
APPS,100
APPX,100
APT,100
APTV,100
APYX,30
AQMS,12
AQN,40
AQST,92
AQWA,100
AR,100
ARAY,38
ARBE,62
ARBK,100
ARCB,100
ARCC,100
ARCO,46
ARCT,80
ARCX,100
ARDT,98
ARDX,100
ARE,100
AREC,100
AREN,32
ARES,100
ARGT,100
ARGX,100
ARHS,90
ARI,80
ARKB,100
ARKF,100
ARKG,100
ARKK,100
ARKO,36
ARKQ,100
ARKW,100
ARKX,100
ARLO,100
ARLP,90
ARM,100
ARMG,100
ARMK,100
ARMN,70
ARMP,64
ARMU,100
ARMW,100
AROC,72
AROW,64
ARQ,36
ARQQ,100
ARQT,100
ARR,100
ARRY,100
ARTY,100
ARVN,100
ARVR,100
ARW,100
ARWR,100
ARX,90
AS,100
ASA,100
ASAN,100
ASB,74
ASC,80
ASEA,64
ASGN,94
ASH,92
ASHR,100
ASHS,100
ASIX,92
ASLE,46
ASMB,82
ASMG,100
ASML,100
ASND,100
ASO,100
ASPI,100
ASPN,100
ASR,100
ASRT,34
ASRV,24
ASST,100
ASTE,88
ASTH,74
ASTL,100
ASTS,100
ASTX,100
ASUR,56
ASX,78
ASYS,60
ATAI,100
ATAT,76
ATEC,100
ATEN,94
ATER,24
ATEX,74
ATGE,100
ATHA,24
ATHM,90
ATI,100
ATKR,100
ATLO,78
ATLX,40
ATMP,88
ATMU,100
ATNI,94
ATNM,24
ATO,100
ATOM,34
ATOS,40
ATR,100
ATRC,84
ATRO,100
ATS,100
ATXS,62
ATYR,100
AU,100
AUB,40
AUDC,60
AUGO,92
AUPH,100
AUR,100
AURA,38
AURU,100
AUTL,56
AVA,40
AVAH,54
AVAV,100
AVB,100
AVBP,90
AVD,28
AVDE,100
AVDL,100
AVDV,100
AVEM,100
AVGE,100
AVGG,100
AVGO,100
AVGV,100
AVGW,100
AVGX,100
AVIE,100
AVIR,24
AVL,100
AVLC,100
AVLV,100
AVMA,96
AVMC,100
AVMU,62
AVMV,100
AVNM,100
AVNS,74
AVNT,82
AVNV,100
AVNW,60
AVO,76
AVPT,100
AVRE,88
AVSC,100
AVSU,100
AVT,100
AVTR,100
AVTX,100
AVUS,100
AVUV,100
AVXL,100
AVY,100
AWAY,90
AWI,100
AWK,100
AWR,100
AWRE,24
AX,100
AXGN,100
AXL,100
AXON,100
AXP,100
AXS,100
AXSM,100
AXTA,100
AXTI,88
AXUP,100
AYI,100
AZ,100
AZN,100
AZO,100
AZTA,100
AZYY,100
AZZ,100
B,100
BA,100
BAB,88
BABA,100
BABO,98
BABW,100
BABX,100
BAC,100
BAGY,100
BAH,100
BAI,100
BAIG,100
BALI,68
BALL,100
BALT,88
BAM,100
BANC,100
BAND,86
BANF,100
BANR,100
BANX,100
BAP,100
BARK,40
BATRA,78
BATRK,82
BATT,94
BAX,100
BB,100
BBAI,100
BBAR,100
BBAX,96
BBB,88
BBBY,100
BBC,100
BBCA,100
BBCP,62
BBD,100
BBDC,56
BBEU,100
BBH,100
BBIN,100
BBIO,100
BBJP,100
BBMC,100
BBNX,46
BBP,100
BBSI,86
BBT,100
BBU,52
BBUC,74
BBUS,100
BBVA,54
BBW,100
BBWI,100
BBY,100
BC,100
BCAB,56
BCAX,100
BCBP,52
BCC,100
BCD,82
BCE,100
BCH,68
BCI,70
BCIC,78
BCML,64
BCO,100
BCPC,100
BCRX,100
BCS,100
BCSF,84
BCYC,96
BDC,100
BDN,58
BDRY,90
BDSX,50
BDTX,40
BDX,100
BE,100
BEAM,100
BEDZ,100
BEEM,24
BEKE,100
BELFB,100
BELT,88
BEN,100
BEP,100
BEPC,100
BETA,84
BETR,100
BETZ,100
BEX,100
BF.A,66
BF.B,100
BFAM,100
BFH,100
BFIN,72
BFIX,66
BFLY,100
BFOR,100
BFS,68
BFST,64
BG,100
BGC,100
BGS,100
BGSF,60
BHB,72
BHC,100
BHE,80
BHF,100
BHP,100
BHR,24
BHVN,100
BIB,100
BIBL,100
BIDU,100
BIGY,100
BIIB,100
BIL,100
BILI,100
BILL,100
BILS,62
BIO,100
BIOA,68
BIOX,36
BIP,88
BIPC,84
BIRK,100
BIS,100
BITB,100
BITF,100
BITI,100
BITO,100
BITQ,100
BITS,100
BITU,100
BITX,100
BITY,100
BIV,70
BIZD,100
BJ,100
BJK,100
BJRI,100
BK,100
BKCH,100
BKD,100
BKE,100
BKF,100
BKH,100
BKKT,100
BKLC,100
BKLN,100
BKNG,100
BKNU,100
BKR,100
BKSY,100
BKU,78
BKV,88
BL,100
BLBD,100
BLCN,100
BLCO,100
BLCV,98
BLD,100
BLDP,62
BLDR,100
BLFS,68
BLFY,64
BLK,100
BLKB,100
BLKC,100
BLMN,82
BLND,56
BLNK,100
BLOK,100
BLRX,60
BLSG,88
BLSH,100
BLSX,100
BLV,82
BLX,86
BLZE,48
BMA,100
BMAX,100
BMBL,100
BMEA,100
BMED,100
BMI,100
BMNG,100
BMNR,100
BMNU,100
BMO,100
BMRA,12
BMRC,60
BMRN,100
BMY,100
BN,100
BNC,72
BND,100
BNDD,100
BNDW,66
BNDX,70
BNED,62
BNGE,100
BNKK,68
BNL,94
BNO,100
BNS,100
BNT,100
BNTC,86
BNTX,100
BOAT,100
BOC,46
BOH,100
BOIL,100
BOKF,100
BOND,68
BOOM,44
BOOT,100
BORR,96
BOTZ,100
BOX,100
BP,100
BPOP,100
BR,100
BRAG,24
BRBR,100
BRBS,42
BRC,100
BRCB,66
BRCC,36
BRF,100
BRK.B,100
BRKR,100
BRKW,78
BRLT,24
BRO,100
BROS,100
BRR,100
BRSL,100
BRSP,32
BRT,84
BRX,60
BRY,26
BRZE,100
BRZU,100
BSAC,68
BSBR,38
BSET,90
BSM,78
BSOL,100
BSRR,44
BSV,88
BSVO,100
BSX,100
BSY,100
BTAI,48
BTAL,98
BTBT,100
BTC,100
BTCI,100
BTCL,100
BTCO,100
BTCS,44
BTCW,100
BTCZ,66
BTDR,100
BTE,48
BTF,100
BTFX,100
BTG,100
BTGD,100
BTI,100
BTM,100
BTOP,100
BTQ,76
BTRN,88
BTSG,100
BTU,100
BUCK,88
BUD,100
BUG,100
BUL,100
BULG,100
BULL,100
BULU,100
BUR,100
BURL,100
BUSE,62
BUYZ,100
BUZZ,100
BV,82
BVN,100
BVS,44
BW,94
BWA,100
BWAY,84
BWB,96
BWEN,24
BWET,100
BWIN,92
BWMN,80
BWMX,56
BWX,100
BWXT,100
BX,100
BXC,100
BXMT,100
BXP,100
BXSL,92
BY,40
BYD,100
BYND,100
BYRN,100
BYSI,24
BZ,72
BZAI,100
BZFD,84
BZH,100
BZQ,100
BZUN,24
C,100
CAAP,82
CAAS,24
CABA,100
CAC,76
CACC,100
CACI,100
CADE,78
CADL,100
CAE,78
CAF,44
CAFG,88
CAG,100
CAH,100
CAI,100
CAIE,100
CAKE,100
CAL,100
CALF,100
CALM,100
CALX,100
CAMT,100
CAN,100
CANE,90
CAPL,74
CAPR,100
CAPT,4
CAR,100
CARE,94
CARG,100
CARR,100
CARS,78
CART,100
CARZ,100
CASH,100
CASI,24
CASS,78
CASY,100
CAT,100
CATH,100
CATO,24
CATX,26
CATY,82
CAVA,100
CB,100
CBAN,88
CBAT,24
CBC,78
CBIO,8
CBL,100
CBLL,88
CBNK,70
CBOE,100
CBRE,100
CBRL,100
CBSH,100
CBT,100
CBU,94
CBUS,24
CBZ,100
CC,100
CCAP,84
CCB,100
CCBG,80
CCC,52
CCCC,64
CCCX,100
CCEC,68
CCEP,100
CCI,100
CCJ,100
CCK,100
CCL,100
CCLD,32
CCNE,96
CCO,70
CCOI,100
CCOR,88
CCRN,100
CCS,100
CCSI,74
CCU,78
CCUP,100
CD,100
CDC,100
CDE,100
CDEI,100
CDL,96
CDLX,100
CDNA,90
CDNS,100
CDP,66
CDRE,64
CDTX,100
CDW,100
CDXS,24
CDZI,40
CE,100
CECO,100
CEG,100
CEGX,100
CELC,100
CELH,100
CELT,100
CELU,24
CEMB,100
CENN,24
CENT,80
CENTA,66
CENX,100
CEPI,100
CEPO,64
CEPU,100
CERS,70
CERT,70
CERY,74
CEVA,74
CEW,58
CF,100
CFA,100
CFFN,38
CFG,100
CFLT,100
CFO,92
CFR,100
CG,100
CGAU,76
CGBD,78
CGC,100
CGDV,100
CGEM,100
CGEN,24
CGGR,100
CGNT,56
CGNX,82
CGON,96
CGUS,98
CGW,100
CHAT,100
CHAU,100
CHCO,100
CHCT,88
CHD,100
CHDN,100
CHE,100
CHEF,100
CHGG,100
CHGX,74
CHH,100
CHIQ,100
CHKP,100
CHMI,24
CHPS,100
CHPT,100
CHRD,100
CHRS,60
CHRW,100
CHT,78
CHTR,100
CHWY,100
CHYM,100
CI,100
CIA,30
CIB,100
CIBR,100
CIEN,100
CIFR,100
CIFU,100
CIG,56
CIGI,100
CIM,100
CINF,100
CINT,30
CIO,38
CION,40
CIVB,64
CIVI,100
CL,100
CLAR,56
CLB,88
CLBK,86
CLBT,94
CLDT,40
CLDX,100
CLF,100
CLFD,88
CLGN,24
CLH,100
CLIR,16
CLIX,100
CLLS,32
CLMT,100
CLNE,66
CLOU,100
CLOV,100
CLPR,24
CLPT,100
CLRB,12
CLS,100
CLSK,100
CLSX,100
CLVT,32
CLW,94
CLX,100
CM,100
CMA,100
CMBM,68
CMBT,100
CMC,100
CMCI,88
CMCL,100
CMCM,50
CMCO,96
CMCSA,100
CMDY,100
CME,100
CMG,100
CMGG,100
CMI,100
CMP,100
CMPO,100
CMPR,100
CMPS,100
CMPX,100
CMRC,36
CMRE,100
CMS,100
CMTG,24
CMTL,24
CNA,76
CNBS,100
CNC,100
CNDT,64
CNH,88
CNI,100
CNK,100
CNM,100
CNMD,100
CNNE,96
CNO,100
CNOB,80
CNP,100
CNQ,100
CNR,100
CNS,100
CNTA,100
CNTB,22
CNTY,24
CNVS,28
CNX,100
CNXC,100
CNXN,60
CNXT,100
CNYA,100
COAL,100
COCO,100
CODI,80
CODX,100
COF,100
COGT,100
COHR,100
COHU,100
COIG,100
COIN,100
COIW,100
COKE,100
COLB,92
COLD,80
COLL,98
COLM,100
COLO,100
COM,100
COMB,100
COMM,100
COMP,100
COMT,88
CON,100
CONI,100
CONL,100
CONY,100
COO,100
COOK,36
COP,100
COPJ,100
COPX,100
COR,100
CORD,100
CORN,100
CORO,100
CORT,100
CORZ,100
COSM,56
COST,100
COSW,100
COTY,100
COUR,100
COWG,90
COWS,100
COWZ,100
COYA,40
COYY,100
COZX,100
CP,100
CPA,100
CPAY,100
CPB,100
CPER,100
CPF,70
CPII,56
CPIX,26
CPK,100
CPNG,100
CPRI,100
CPRT,100
CPRX,72
CPS,94
CPSH,24
CPSS,40
CPT,100
CPXR,100
CQP,88
CQQQ,100
CR,100
CRAI,100
CRAK,100
CRBG,100
CRBN,100
CRBP,88
CRBU,56
CRC,100
CRCA,100
CRCD,100
CRCG,100
CRCL,100
CRCO,100
CRCT,42
CRD.A,64
CRDF,66
CRDL,24
CRDO,100
CRDU,100
CRESY,72
CRGY,68
CRH,100
CRI,100
CRK,100
CRL,100
CRM,100
CRMD,100
CRMG,100
CRML,100
CRNC,100
CRNT,98
CRNX,100
CRON,100
CROX,100
CRPT,100
CRS,100
CRSH,100
CRSP,100
CRSR,56
CRTC,96
CRTO,100
CRUS,100
CRVL,100
CRVS,100
CRWD,100
CRWG,100
CRWL,100
CRWS,24
CRWU,100
CRWV,100
CSB,92
CSBR,44
CSCO,100
CSD,100
CSEX,100
CSGP,100
CSGS,100
CSIQ,100
CSL,100
CSM,100
CSR,100
CSTE,24
CSTL,100
CSTM,100
CSV,84
CSW,100
CSWC,70
CSX,100
CTA,100
CTAS,100
CTBI,92
CTEC,100
CTEV,100
CTEX,100
CTGO,70
CTKB,32
CTLP,100
CTMX,100
CTNM,100
CTO,90
CTOS,38
CTRA,100
CTRE,72
CTRI,90
CTRM,24
CTRN,84
CTS,76
CTSH,100
CTSO,24
CTVA,100
CTXR,40
CUBE,100
CUBI,100
CUE,32
CUK,64
CULP,24
CURB,64
CURE,100
CURI,26
CURV,26
CUT,94
CUZ,62
CVAC,84
CVBF,92
CVCO,100
CVE,100
CVEO,100
CVGI,24
CVGW,70
CVI,100
CVIE,100
CVLC,100
CVLG,82
CVLT,100
CVM,20
CVMC,100
CVNA,100
CVNY,100
CVRX,86
CVS,100
CVU,24
CVX,100
CVY,70
CW,100
CWAN,100
CWB,100
CWBC,94
CWCO,72
CWEB,100
CWEN,100
CWEN.A,66
CWH,100
CWI,78
CWII,100
CWK,88
CWS,96
CWST,100
CWT,82
CWVX,100
CX,100
CXAI,34
CXDO,40
CXM,80
CXT,100
CXW,100
CYBN,44
CYBR,100
CYD,88
CYH,72
CYPH,58
CYRX,80
CYTK,100
CZNC,98
CZR,100
D,100
DAC,100
DAIO,24
DAKT,94
DAL,100
DAN,100
DAO,64
DAPP,100
DAR,100
DASH,100
DASX,100
DAT,100
DAVA,48
DAVE,100
DAWN,100
DAX,100
DAY,100
DB,100
DBA,100
DBB,100
DBC,100
DBD,100
DBE,100
DBEF,82
DBEM,96
DBEU,78
DBEZ,88
DBI,78
DBJP,100
DBMF,90
DBO,100
DBP,100
DBRG,100
DBX,100
DC,32
DCBO,66
DCGO,54
DCI,100
DCO,100
DCOM,70
DCOR,100
DCTH,80
DD,100
DDD,100
DDL,24
DDLS,96
DDM,100
DDOG,100
DDWM,88
DE,100
DEA,78
DECK,100
DECO,100
DEEP,92
DEFT,88
DEI,80
DELL,100
DEM,100
DENN,40
DEO,100
DERM,48
DES,100
DESK,96
DEUS,96
DEW,96
DFAC,100
DFAR,88
DFAS,100
DFAT,100
DFAU,96
DFAW,100
DFAX,96
DFDV,100
DFE,100
DFEN,100
DFGR,88
DFH,100
DFIC,92
DFIN,96
DFIP,62
DFIS,98
DFIV,98
DFJ,100
DFLI,28
DFLV,98
DFNL,100
DFSU,96
DFSV,98
DFUS,100
DFUV,100
DFVX,100
DG,100
DGICA,84
DGII,88
DGIN,88
DGRO,100
DGRS,100
DGRW,100
DGS,100
DGT,100
DGX,100
DGXX,80
DH,24
DHC,54
DHI,100
DHR,100
DHS,100
DHT,100
DHX,44
DIA,100
DIBS,32
DIG,100
DIHP,88
DIN,92
DINO,100
DIOD,100
DIPS,100
DIS,100
DISO,88
DISV,100
DIV,88
DIVB,100
DIVI,100
DIVO,92
DJD,100
DJIA,66
DJP,100
DJT,100
DJTU,100
DK,100
DKL,82
DKNG,100
DKS,100
DKUP,100
DLB,100
DLHC,32
DLLL,100
DLN,100
DLNG,24
DLO,100
DLPN,24
DLR,100
DLS,100
DLTH,24
DLTR,100
DLX,94
DMAC,50
DMAT,100
DMLP,64
DMRC,66
DNA,100
DNL,82
DNLI,94
DNN,100
DNOW,100
DNTH,100
DNUT,100
DOC,100
DOCN,100
DOCS,100
DOCU,100
DOG,100
DOGD,100
DOJE,100
DOL,96
DOLE,80
DOMH,48
DOMO,100
DON,90
DOO,100
DORM,100
DOUG,24
DOV,100
DOW,100
DOX,100
DPRO,100
DPST,100
DPZ,100
DQ,100
DRD,100
DRGN,100
DRH,52
DRI,100
DRIO,24
DRIP,100
DRIV,100
DRLL,88
DRN,100
DRS,100
DRSK,88
DRTS,24
DRUP,100
DRV,100
DRVN,90
DSGN,100
DSGR,40
DSGX,100
DSI,100
DSL,74
DSMC,98
DSP,84
DSX,40
DT,100
DTCR,100
DTD,100
DTE,100
DTEC,100
DTH,96
DTIL,32
DTM,100
DUBS,92
DUG,100
DUHP,100
DUK,100
DUOL,100
DUOT,60
DURA,88
DUSA,100
DUSL,100
DUST,100
DV,100
DVA,100
DVAX,100
DVN,100
DVOL,88
DVS,26
DVY,100
DVYE,94
DWAS,100
DWM,96
DWX,78
DX,80
DXC,100
DXCM,100
DXD,100
DXJ,100
DXLG,24
DXPE,100
DXUV,100
DY,100
DYAI,24
DYLG,70
DYN,100
DYNF,100
E,100
EA,100
EAF,100
EAGG,88
EARN,32
EAT,100
EATZ,100
EB,36
EBAY,100
EBC,100
EBF,84
EBIZ,100
EBND,62
EBS,100
EC,100
ECG,100
ECH,100
ECL,100
ECNS,100
ECON,80
ECOW,76
ECPG,100
ECVT,50
ED,100
EDAP,32
EDC,100
EDIT,94
EDIV,70
EDU,100
EDV,100
EDZ,100
EE,100
EEFT,100
EELV,64
EEM,100
EEMS,100
EEMV,100
EEMX,86
EES,100
EET,100
EETH,100
EEV,100
EEX,26
EFA,100
EFAD,88
EFAS,88
EFAV,100
EFAX,96
EFC,100
EFG,100
EFO,100
EFSC,98
EFV,100
EFX,100
EFXT,96
EFZ,100
EG,100
EGAN,76
EGBN,100
EGHT,40
EGO,100
EGP,100
EGY,60
EH,100
EHAB,56
EHC,100
EHTH,30
EIDO,100
EIG,74
EINC,100
EIPI,100
EIX,100
EKG,88
EKSO,22
EL,100
ELA,64
ELAN,100
ELD,68
ELDN,56
ELE,20
ELF,100
ELIL,100
ELMD,68
ELME,88
ELP,40
ELS,100
ELTX,66
ELV,100
ELVN,100
ELVR,40
EMA,88
EMB,100
EMBC,82
EMBD,60
EMBJ,100
EME,100
EMGF,100
EMLC,88
EMLP,88
EMN,100
EMPD,96
EMQQ,100
EMR,100
EMTY,88
EMXC,100
ENB,100
ENFR,88
ENIC,24
ENLT,86
ENLV,56
ENOV,100
ENPH,100
ENPX,100
ENR,100
ENS,100
ENSG,100
ENTA,78
ENTG,100
ENTX,24
ENVA,100
ENVX,100
ENZL,76
EOG,100
EOLS,46
EOSE,100
EPAC,78
EPAM,100
EPC,94
EPD,100
EPI,100
EPM,26
EPOL,98
EPP,100
EPR,100
EPRT,66
EPS,22
EPSN,32
EPV,100
EQ,58
EQAL,100
EQBK,76
EQH,100
EQIX,100
EQL,88
EQNR,100
EQR,100
EQT,100
EQTY,74
EQWL,100
EQX,100
ERAS,48
ERIC,100
ERIE,100
ERII,86
ERO,100
ERTH,100
ERX,100
ERY,100
ES,100
ESAB,100
ESCA,80
ESE,100
ESGD,22
ESGE,100
ESGU,100
ESGV,100
ESI,94
ESK,100
ESLT,100
ESML,100
ESNT,100
ESPO,100
ESPR,100
ESRT,44
ESS,100
ESTA,100
ESTC,100
ET,100
ETD,82
ETH,100
ETHA,100
ETHD,100
ETHE,100
ETHM,68
ETHT,100
ETHU,100
ETHV,100
ETHW,100
ETHZ,100
ETN,100
ETON,94
ETOR,100
ETQ,100
ETR,100
ETSY,100
ETU,100
EU,100
EUAD,100
EUDG,78
EUFN,100
EUHY,76
EUM,76
EUO,100
EURL,100
EUSA,100
EVC,24
EVCM,68
EVER,68
EVEX,32
EVGO,100
EVH,100
EVLV,100
EVMT,70
EVR,100
EVRG,100
EVTC,76
EVTL,40
EVTV,12
EVX,96
EW,100
EWA,100
EWBC,100
EWC,100
EWCZ,68
EWD,100
EWG,100
EWH,100
EWI,100
EWJ,100
EWK,66
EWL,94
EWM,100
EWN,100
EWP,100
EWQ,100
EWS,100
EWT,100
EWTX,100
EWU,100
EWUS,98
EWV,100
EWW,100
EWX,90
EWY,100
EWZ,100
EWZS,100
EXAS,100
EXC,100
EXE,100
EXEL,100
EXFY,24
EXI,100
EXK,100
EXLS,76
EXP,100
EXPD,100
EXPE,100
EXPI,76
EXPO,100
EXR,100
EXTR,100
EYE,94
EYPT,100
EZA,100
EZBC,100
EZET,100
EZJ,100
EZM,100
EZPW,100
EZU,100
F,100
FA,86
FAB,100
FAD,100
FAF,100
FALN,96
FAN,96
FANG,100
FARM,24
FAS,100
FAST,100
FATE,54
FAZ,100
FBIN,100
FBIO,24
FBIZ,84
FBK,96
FBL,100
FBNC,94
FBND,88
FBOT,84
FBP,88
FBRT,100
FBRX,86
FBT,100
FBTC,100
FBY,100
FC,88
FCA,92
FCBC,40
FCEL,100
FCF,88
FCFS,100
FCG,100
FCLD,90
FCN,100
FCNCA,100
FCOM,100
FCPI,100
FCPT,64
FCX,100
FDEM,88
FDEV,88
FDIG,100
FDIS,100
FDL,84
FDLO,100
FDMO,100
FDMT,100
FDN,100
FDNI,100
FDP,76
FDRR,100
FDRV,88
FDS,100
FDT,100
FDUS,100
FDV,100
FDVV,96
FDX,100
FE,100
FEAC,88
FELC,100
FELE,100
FELG,100
FELV,100
FEM,74
FEMR,88
FEMS,84
FENC,54
FENI,100
FENY,76
FEP,100
FEPI,100
FER,100
FERG,100
FESM,100
FET,82
FETH,100
FEUZ,96
FEX,100
FEZ,100
FF,24
FFAI,100
FFBC,64
FFDI,88
FFEM,100
FFGX,88
FFIC,86
FFIN,72
FFIV,100
FFLV,88
FFTY,100
FFWM,32
FG,70
FGD,98
FGEN,68
FGM,100
FGNX,24
FHB,40
FHEQ,88
FHI,100
FHLC,100
FHN,100
FHTX,32
FIAT,100
FIBK,72
FICO,100
FID,88
FIDI,74
FIDU,100
FIG,100
FIGG,100
FIGR,94
FIGS,84
FINV,58
FINX,100
FIP,100
FIS,100
FISI,66
FISV,100
FITB,100
FITE,100
FIVA,86
FIVE,100
FIVN,100
FIW,100
FIX,100
FIXD,88
FIZZ,88
FJP,100
FKWL,30
FLAX,80
FLBR,88
FLD,58
FLEE,82
FLEU,74
FLEX,100
FLG,100
FLGR,80
FLGT,98
FLIN,100
FLJH,92
FLJP,78
FLL,24
FLMX,100
FLNC,100
FLNG,100
FLO,82
FLOW,92
FLQL,100
FLQM,88
FLR,100
FLRG,88
FLRN,56
FLS,100
FLTR,100
FLUT,100
FLUX,32
FLWS,100
FLY,100
FLYT,100
FLYW,100
FMAG,100
FMAO,66
FMAT,100
FMBH,70
FMC,100
FMDE,100
FMET,90
FMNB,78
FMS,64
FMX,100
FN,100
FNB,88
FNCL,100
FND,100
FNDA,90
FNDB,22
FNDC,96
FNDE,80
FNDF,92
FNDX,84
FNF,100
FNGG,100
FNGR,100
FNGS,100
FNK,100
FNKO,38
FNLC,66
FNV,100
FNX,100
FNY,100
FOA,100
FOLD,100
FOR,80
FORA,24
FORM,100
FORR,60
FOSL,64
FOUR,100
FOX,100
FOXA,100
FOXF,100
FPE,56
FPH,40
FPI,66
FPRO,100
FPWR,80
FPX,100
FPXE,88
FQAL,92
FR,86
FRBA,88
FRDM,100
FREL,66
FRGE,100
FRHC,100
FRI,70
FRME,76
FRMI,100
FRNW,88
FRO,100
FROG,100
FRPT,100
FRSH,100
FRST,62
FRSX,12
FRT,100
FSBC,94
FSK,100
FSLR,100
FSLY,100
FSM,100
FSMB,88
FSMD,84
FSOL,88
FSP,24
FSS,100
FSTA,84
FSTR,70
FSV,100
FSZ,86
FTA,100
FTAG,100
FTAI,100
FTC,100
FTCI,58
FTCS,88
FTDR,100
FTEC,100
FTEK,50
FTGC,78
FTHI,88
FTHM,24
FTI,100
FTK,100
FTLS,100
FTNT,100
FTQI,66
FTRE,100
FTRI,100
FTS,82
FTSM,56
FTV,100
FTXG,100
FTXH,100
FTXL,100
FTXN,88
FTXO,100
FTXR,98
FUBO,100
FUL,100
FULC,100
FULT,92
FUMB,88
FUN,100
FUTG,100
FUTU,100
FUTY,100
FV,100
FVAL,100
FVCB,80
FVD,74
FVRR,100
FWDI,100
FWONA,100
FWONK,100
FWRD,100
FWRG,92
FXA,100
FXB,100
FXC,100
FXD,100
FXE,100
FXF,100
FXG,82
FXH,100
FXI,100
FXL,100
FXN,72
FXO,100
FXP,100
FXR,100
FXU,88
FXY,100
FXZ,100
FYBR,100
FYC,100
FYEE,88
FYLD,96
FYT,100
FYX,100
G,86
GABC,78
GAIA,30
GAIN,100
GAL,72
GALT,78
GAMB,48
GAMR,100
GANX,56
GAP,100
GASS,40
GATX,100
GAU,56
GBCI,100
GBDC,80
GBIL,56
GBIO,12
GBLD,88
GBTC,100
GBTG,46
GBX,100
GCC,72
GCMG,74
GCO,80
GCOR,100
GCT,100
GD,100
GDDY,100
GDE,100
GDEN,74
GDOC,100
GDOG,88
GDOT,76
GDRX,48
GDS,100
GDX,100
GDXJ,100
GDXW,100
GDXY,100
GDYN,68
GE,100
GEF,100
GEHC,100
GEL,100
GEM,88
GEMG,96
GEMI,100
GEN,100
GENC,84
GENI,100
GEO,100
GEOS,100
GERN,88
GES,100
GETY,64
GEV,100
GEVO,90
GEVX,100
GFF,100
GFI,100
GFL,92
GFS,100
GGAL,100
GGB,24
GGG,100
GGLL,100
GGLS,100
GGME,100
GGR,40
GH,100
GHI,60
GHM,100
GHRS,84
GHYB,64
GIB,100
GIC,82
GIFI,52
GIGB,66
GII,100
GIII,70
GIL,100
GILD,100
GILT,100
GINN,100
GIS,100
GK,82
GKOS,100
GL,100
GLAD,90
GLBE,100
GLBS,24
GLD,100
GLDD,80
GLDW,100
GLGG,100
GLIBK,68
GLIN,96
GLL,100
GLNG,100
GLNK,88
GLOB,100
GLOV,78
GLP,82
GLPG,100
GLPI,100
GLRE,80
GLUE,84
GLW,100
GLXU,100
GLXY,100
GM,100
GMAB,72
GME,100
GMED,100
GMET,100
GMEU,100
GMF,100
GMGI,20
GMRE,100
GNE,88
GNK,92
GNL,72
GNLX,44
GNOM,100
GNR,100
GNRC,100
GNSS,44
GNTX,92
GNW,100
GO,100
GOAU,100
GOEX,100
GOGO,100
GOLD,100
GOLF,100
GOLY,100
GOOD,74
GOOG,100
GOOGL,100
GOOP,100
GOOS,100
GOOW,100
GOOX,100
GOOY,78
GOP,56
GORO,56
GOSS,100
GOTU,92
GOVT,56
GOVZ,88
GP,56
GPC,100
GPCR,100
GPI,100
GPIQ,100
GPIX,90
GPK,80
GPMT,24
GPN,100
GPOR,100
GPRE,100
GPRK,50
GPRO,100
GPT,100
GPTY,100
GRAB,100
GRAL,100
GRBK,100
GRC,86
GRDN,54
GREK,100
GRFS,100
GRID,100
GRMN,100
GRN,92
GRND,100
GRNT,34
GRNY,100
GROV,24
GROW,24
GROY,100
GRPM,100
GRPN,100
GRRR,100
GRWG,40
GS,100
GSAT,100
GSBC,98
GSBD,100
GSEU,96
GSEW,100
GSG,100
GSHD,100
GSIE,84
GSIT,84
GSK,100
GSL,100
GSLC,100
GSM,100
GSOL,100
GSPY,96
GSUS,100
GSX,100
GSY,56
GT,100
GTE,26
GTEK,100
GTES,100
GTIM,24
GTLB,100
GTLS,100
GTM,100
GTN,56
GTPE,100
GTX,100
GTY,92
GUNR,98
GURE,36
GURU,100
GUSH,100
GVA,100
GVI,100
GVIP,100
GVLU,100
GWRE,100
GWRS,58
GWW,100
GWX,100
GXC,100
GXDW,98
GXO,100
GXRP,88
GYLD,60
GYRE,54
H,100
HACK,100
HAE,100
HAFC,62
HAFN,40
HAIL,100
HAIN,56
HAL,100
HALO,100
HAP,100
HARD,78
HAS,100
HASI,100
HAUS,66
HAUZ,88
HAYW,100
HBAN,100
HBB,90
HBCP,86
HBIO,48
HBM,86
HBNC,86
HBR,100
HBT,62
HCA,100
HCAT,24
HCC,100
HCI,100
HCKT,82
HCM,88
HCSG,88
HD,100
HDB,100
HDEF,88
HDG,96
HDGE,100
HDSN,100
HDV,100
HE,100
HEAL,100
HEDJ,100
HEEM,100
HEFA,82
HEGD,76
HEI,100
HEI.A,100
HELE,100
HELX,100
HEPS,24
HEQT,88
HERO,100
HESM,100
HEWJ,100
HEZU,78
HFFG,24
HFND,64
HFWA,60
HG,84
HGER,88
HGTY,78
HGV,90
HHH,100
HI,82
HIBL,100
HIBS,100
HIG,100
HIGH,100
HII,100
HIMS,100
HIMX,100
HIMZ,100
HIPO,72
HIPS,100
HITI,24
HIVE,100
HIW,70
HIYY,100
HL,100
HLF,100
HLI,100
HLIO,100
HLIT,62
HLLY,24
HLMN,58
HLN,58
HLNE,100
HLT,100
HLX,100
HMC,100
HMN,76
HMY,100
HNDL,88
HNGE,100
HNI,100
HNRG,100
HNST,52
HODL,100
HOFT,66
HOG,100
HOII,100
HOLX,100
HOMB,62
HOMZ,98
HON,100
HOOD,100
HOOG,100
HOOW,100
HOOX,100
HOOY,100
HOPE,72
HOUS,100
HOWL,24
HP,100
HPE,100
HPK,48
HPP,100
HPQ,100
HQY,100
HR,96
HRB,100
HRI,100
HRL,100
HRMY,100
HROW,100
HRTG,90
HRTS,100
HRTX,52
HRZN,40
HSAI,100
HSBC,100
HSDT,100
HSIC,100
HST,100
HSTM,66
HSY,100
HTB,80
HTBK,64
HTEC,100
HTGC,100
HTH,66
HTHT,100
HTLD,52
HTO,86
HTOO,12
HTZ,100
HUBB,100
HUBG,74
HUBS,100
HUM,100
HUMA,100
HUMN,100
HUN,100
HURN,100
HUT,100
HUYA,36
HVT,60
HWAY,98
HWC,100
HWKN,100
HWM,100
HXL,100
HY,82
HYBB,88
HYD,88
HYDR,100
HYEM,88
HYFT,32
HYG,100
HYGH,70
HYLB,60
HYLN,56
HYMB,88
HYMC,100
HYPR,32
HYS,76
HYSA,100
HYZD,88
HZO,66
IAC,100
IAG,100
IAGG,88
IAI,100
IAK,100
IART,86
IAS,60
IAT,100
IAU,100
IAUI,100
IBB,100
IBBQ,100
IBCP,68
IBEX,80
IBIT,100
IBKR,100
IBLC,100
IBM,100
IBN,100
IBND,66
IBOC,100
IBOT,100
IBP,100
IBRN,100
IBRX,100
IBTA,100
IBUY,100
ICE,100
ICF,100
ICFI,100
ICHR,100
ICL,38
ICLN,100
ICLR,100
ICMB,24
ICOP,100
ICSH,56
ICUI,100
ICVT,100
IDA,100
IDCC,100
IDEV,100
IDGT,100
IDHQ,88
IDLV,88
IDN,98
IDNA,100
IDR,100
IDRV,100
IDT,100
IDU,100
IDUB,88
IDV,100
IDVO,82
IDXX,100
IDYA,100
IE,100
IEDI,100
IEF,100
IEFA,100
IEI,100
IEMG,100
IEO,100
IEP,100
IESC,100
IETC,100
IEUR,100
IEV,100
IEX,100
IEZ,100
IFF,100
IFGL,70
IFRA,98
IFRX,56
IFV,88
IGC,48
IGE,100
IGF,80
IGHG,88
IGIB,100
IGIC,62
IGLB,78
IGLD,74
IGM,100
IGOV,64
IGPT,100
IGRO,100
IGSB,60
IGV,100
IHAK,100
IHDG,76
IHE,100
IHF,100
IHI,100
IHRT,40
IHS,40
IHY,58
III,32
IIIN,100
IIIV,68
IIPR,100
IJH,100
IJJ,100
IJK,100
IJR,100
IJS,100
IJT,100
ILCB,100
ILCG,100
ILF,100
ILIT,96
ILMN,100
ILPT,32
IMAX,100
IMCG,100
IMCR,96
IMDX,76
IMKTA,100
IMMP,24
IMMR,42
IMMX,24
IMNM,100
IMO,100
IMOS,86
IMPP,100
IMRX,40
IMSR,100
IMTM,100
IMTX,100
IMUX,56
IMVT,100
IMXI,100
INBK,86
INBX,100
INCO,100
INCR,24
INCY,100
INDA,100
INDB,100
INDI,100
INDL,100
INDS,100
INDV,100
INDY,88
INFL,90
INFU,58
INFY,100
ING,100
INGM,82
INGN,46
INGR,100
INKM,66
INMB,70
INMD,100
INMU,88
INN,30
INNV,32
INO,100
INOD,100
INQQ,88
INRO,96
INSE,54
INSG,100
INSM,100
INSP,100
INSW,100
INTA,100
INTC,100
INTF,90
INTR,56
INTT,48
INTU,100
INTW,100
INV,32
INVA,84
INVE,24
INVH,100
INVX,82
INVZ,100
ION,100
IONL,100
IONQ,100
IONS,100
IONX,100
IONZ,100
IOO,100
IOSP,100
IOT,100
IOVA,100
IP,100
IPAC,100
IPAR,100
IPAY,100
IPGP,100
IPI,100
IPKW,100
IPO,100
IPOS,74
IPSC,24
IQ,100
IQDF,78
IQDG,22
IQLT,90
IQM,100
IQV,100
IR,100
IRBT,100
IRD,24
IRDM,100
IRE,100
IREN,100
IREX,100
IRIX,24
IRM,100
IRMD,100
IRON,100
IRS,84
IRT,92
IRTC,100
IRVH,88
IRWD,74
ISHP,96
ISPR,24
ISPY,100
ISRA,100
ISRG,100
ISSC,80
ISTB,88
IT,100
ITA,100
ITB,100
ITEQ,100
ITGR,100
ITM,88
ITOT,100
ITP,56
ITRI,100
ITRN,76
ITT,100
ITUB,100
ITW,100
ITWO,100
IUSB,88
IUSG,100
IUSV,100
IVE,100
IVES,100
IVLU,100
IVOG,100
IVOL,100
IVOO,100
IVOV,100
IVR,100
IVRS,96
IVT,64
IVV,100
IVVD,70
IVVW,100
IVW,100
IVZ,100
IWB,100
IWC,100
IWD,100
IWF,100
IWL,100
IWM,100
IWMI,100
IWMW,88
IWMY,96
IWN,100
IWO,100
IWP,100
IWR,100
IWS,100
IWV,100
IWX,100
IWY,100
IXC,88
IXG,100
IXJ,100
IXN,100
IXP,100
IXUS,100
IYC,100
IYE,100
IYF,100
IYG,100
IYH,100
IYJ,100
IYK,98
IYM,100
IYR,100
IYRI,100
IYT,100
IYW,100
IYY,100
IYZ,100
IZEA,32
IZRL,94
J,100
JAAA,100
JACK,100
JAKK,90
JAMF,82
JANX,100
JAVA,100
JAZZ,100
JBBB,62
JBGS,92
JBHT,100
JBI,54
JBIO,84
JBL,100
JBLU,100
JBS,100
JBSS,100
JBTM,100
JCI,100
JCPI,64
JD,100
JDST,100
JEF,100
JELD,48
JEPI,100
JEPQ,100
JETS,100
JFIN,74
JHG,90
JHML,100
JHMM,100
JHX,100
JIRE,100
JJSF,100
JKHY,100
JKS,100
JLL,100
JMBS,88
JMIA,100
JMSB,100
JMST,56
JNJ,100
JNK,100
JNUG,100
JOBX,100
JOBY,100
JOE,100
JOET,100
JOYY,100
JPEM,90
JPIN,100
JPM,100
JPMO,88
JPSE,100
JPST,58
JPUS,100
JQUA,84
JRE,88
JRVR,32
JSML,100
JSPR,50
JSTC,88
JUCY,88
JUST,100
JVAL,94
JXI,100
JXN,100
JXX,90
JYNT,56
KAI,100
KALU,100
KALV,100
KAR,64
KARS,94
KB,100
KBA,100
KBE,100
KBH,100
KBR,100
KBWB,100
KBWD,88
KBWP,100
KBWR,100
KBWY,68
KC,100
KCCA,100
KCE,100
KD,100
KDEF,100
KDK,100
KDP,100
KE,76
KELYA,68
KEMQ,100
KEMX,100
KEN,96
KEP,86
KEUA,90
KEX,100
KEY,100
KEYS,100
KFRC,78
KFS,100
KFY,100
KGC,100
KGRN,100
KGS,100
KHC,100
KHYB,88
KIDS,80
KIDZ,56
KIE,100
KIM,56
KINS,88
KJD,100
KKR,100
KLAC,100
KLAR,100
KLC,48
KLIC,100
KLIP,88
KLTR,40
KLXE,24
KLXY,76
KMB,100
KMDA,42
KMI,100
KMLM,92
KMPR,96
KMT,86
KMX,100
KN,76
KNCT,100
KNDI,36
KNF,100
KNGZ,100
KNOP,56
KNSA,100
KNSL,100
KNTK,82
KNX,100
KO,100
KOD,100
KODK,100
KOF,100
KOLD,100
KOMP,100
KOP,70
KOPN,100
KORU,100
KOS,96
KPTI,42
KR,100
KRBN,100
KRC,78
KRE,100
KREF,54
KRG,60
KRMA,86
KRMD,24
KRMN,100
KRNT,100
KRNY,40
KRO,34
KROP,100
KROS,94
KRP,100
KRRO,100
KRYS,100
KSA,98
KSPI,100
KSPY,90
KSS,100
KSTR,100
KT,90
KTB,100
KTCC,24
KTEC,92
KTOS,100
KTUP,100
KULR,100
KURA,100
KURE,98
KVHI,32
KVLE,74
KVUE,100
KVYO,100
KW,54
KWEB,100
KWR,100
KYIV,84
KYMR,100
KYN,74
KYTX,48
KZR,38
L,100
LAB,56
LABD,100
LABU,100
LABX,100
LAC,100
LAD,100
LADR,68
LAES,100
LAKE,82
LAMR,100
LAND,58
LAR,32
LASE,100
LASR,98
LAUR,84
LAW,40
LAZ,100
LAZR,100
LB,100
LBRDA,100
LBRDK,100
LBRT,100
LBTYA,100
LBTYK,68
LC,100
LCID,100
LCII,100
LCNB,84
LCTD,86
LCTU,100
LCTX,56
LCUT,26
LDEM,70
LDI,100
LDOS,100
LE,88
LEA,100
LECO,100
LEG,62
LEGH,94
LEGN,100
LEGR,100
LEMB,100
LEN,100
LENZ,100
LESL,80
LEU,100
LEVI,100
LFCR,48
LFGY,100
LFMD,100
LFST,94
LFUS,100
LFVN,66
LFWD,32
LGIH,100
LGLV,100
LGND,100
LGO,70
LH,100
LHX,100
LI,100
LIF,100
LII,100
LILA,46
LILAK,46
LIMI,100
LIN,100
LINC,84
LIND,96
LINE,100
LION,100
LIT,100
LITE,100
LITS,46
LIVN,100
LKFN,100
LKQ,100
LLII,100
LLY,100
LLYVA,100
LLYVK,100
LLYX,100
LMAT,100
LMB,100
LMBO,100
LMBS,88
LMND,100
LMNR,84
LMT,100
LNAI,44
LNC,100
LNG,100
LNN,100
LNSR,74
LNT,100
LNTH,100
LNZA,25
LOAN,30
LOAR,100
LOB,84
LOCO,100
LODE,48
LOGI,100
LOMA,80
LOOP,24
LOPE,100
LOUP,100
LOVE,86
LOW,100
LPG,100
LPL,30
LPLA,100
LPRO,32
LPSN,100
LPTH,56
LPX,100
LQD,100
LQDA,100
LQDH,70
LQDI,88
LQDT,74
LQIG,74
LRCU,100
LRCX,100
LRGF,100
LRMR,50
LRN,100
LRND,100
LRNZ,100
LSAK,24
LSCC,100
LSPD,100
LSTR,100
LTBR,100
LTC,68
LTCC,100
LTH,70
LTL,100
LTM,72
LTPZ,100
LTRN,66
LTRX,40
LU,78
LUCK,60
LULG,100
LULU,100
LUMN,100
LUNG,76
LUNR,100
LUV,100
LUXE,56
LVHD,88
LVHI,100
LVLU,12
LVO,42
LVS,100
LVWR,100
LW,100
LWLG,100
LX,48
LXEO,100
LXFR,80
LXP,100
LXRX,68
LXU,84
LYB,100
LYEL,100
LYFT,100
LYFX,100
LYG,70
LYRA,16
LYTS,78
LYV,100
LZ,100
LZB,82
LZM,30
M,100
MA,100
MAA,100
MAC,100
MAGA,82
MAGC,68
MAGN,82
MAGS,100
MAGX,100
MAGY,100
MAIN,100
MAKX,100
MAMA,100
MAN,100
MANH,100
MANU,100
MAPS,56
MAR,100
MARA,100
MARO,100
MAS,100
MASI,100
MASS,48
MAT,100
MATV,82
MATW,84
MATX,100
MAX,72
MAXI,100
MAXN,97
MAZE,92
MBB,100
MBC,76
MBI,100
MBIN,66
MBLY,100
MBOT,84
MBUU,100
MBWM,86
MBX,100
MC,100
MCB,100
MCBS,66
MCD,100
MCFT,82
MCGA,64
MCH,100
MCHB,100
MCHI,100
MCHP,100
MCHS,96
MCHX,24
MCK,100
MCO,100
MCRB,100
MCRI,100
MCS,86
MCW,30
MCY,100
MD,82
MDB,100
MDBX,100
MDEV,88
MDGL,100
MDIV,100
MDLZ,100
MDT,100
MDU,86
MDWD,100
MDXG,44
MDY,100
MDYG,100
MDYV,100
MEC,88
MED,98
MEDP,100
MEG,80
MEI,52
MELI,100
MEME,100
MEMX,100
MEOH,100
MERC,100
MESO,100
MET,100
META,100
METC,100
METU,100
METV,100
METW,100
MEXX,100
MFA,100
MFC,100
MFG,38
MFIC,100
MFIN,62
MG,100
MGA,100
MGC,100
MGEE,44
MGIC,74
MGK,100
MGM,100
MGNI,100
MGNX,70
MGPI,84
MGRC,100
MGTX,54
MGV,100
MGY,90
MHK,100
MHO,100
MIAX,88
MIDD,100
MIDU,100
MILN,100
MINT,64
MIR,100
MIRM,100
MISL,92
MIST,56
MITK,64
MITT,100
MJ,100
MKC,100
MKL,100
MKSI,100
MKTX,100
MLCI,12
MLCO,100
MLI,100
MLKN,88
MLM,100
MLN,88
MLPA,82
MLPX,100
MLR,80
MLSS,24
MLTX,100
MLYS,100
MMC,100
MMI,68
MMLP,30
MMM,100
MMS,100
MMSI,100
MMTM,100
MMYT,100
MNA,58
MNDO,24
MNDY,100
MNKD,100
MNMD,100
MNOV,24
MNR,72
MNRO,92
MNRS,100
MNSO,100
MNST,100
MNTK,24
MNTN,100
MNY,24
MO,100
MOAT,100
MOD,100
MODG,100
MOFG,84
MOG.A,100
MOGO,48
MOH,100
MOMO,100
MOO,100
MORN,100
MORT,88
MOS,100
MOV,96
MP,100
MPAA,86
MPB,68
MPC,100
MPG,88
MPLX,100
MPW,100
MPWR,100
MPX,52
MQ,100
MQQQ,100
MRAL,100
MRAM,60
MRCC,40
MRCY,100
MREO,100
MRK,100
MRNA,100
MRNY,100
MRP,98
MRSN,64
MRTN,76
MRUS,100
MRVI,60
MRVL,100
MRX,100
MS,100
MSA,100
MSB,78
MSBI,92
MSCI,100
MSDL,100
MSEX,100
MSFD,90
MSFL,100
MSFO,100
MSFT,100
MSFU,100
MSFW,100
MSFX,100
MSFY,88
MSGE,94
MSGS,100
MSI,100
MSM,100
MSOS,100
MSOX,100
MST,100
MSTK,100
MSTR,100
MSTU,100
MSTW,100
MSTX,100
MSTY,100
MSTZ,100
MT,100
MTA,44
MTB,100
MTBA,100
MTCH,100
MTD,100
MTDR,100
MTG,64
MTH,100
MTLS,38
MTN,100
MTRN,100
MTRX,80
MTSI,100
MTUM,100
MTUS,88
MTW,100
MTX,100
MTYY,100
MTZ,100
MU,100
MUB,100
MUFG,88
MULL,100
MUNI,68
MUR,100
MUSA,100
MUX,100
MVBF,74
MVIS,100
MVLL,100
MVO,32
MVST,100
MVV,100
MWA,60
MX,24
MXCT,24
MXI,100
MXL,100
MYE,88
MYGN,100
MYO,56
MYPS,32
MYRG,100
MYY,100
MZTI,100
MZZ,100
NA,52
NABL,48
NAGE,54
NAIL,100
NAK,100
NAKA,60
NAMS,100
NAN,72
NANC,100
NANR,100
NAT,100
NATL,100
NATR,78
NAUT,24
NAVI,82
NAVN,78
NB,100
NBBK,100
NBHC,72
NBIG,100
NBIS,100
NBIX,100
NBP,30
NBR,100
NBTB,80
NCLH,100
NCMI,28
NCNO,82
NDAQ,100
NDLS,40
NDSN,100
NE,100
NEAR,56
NEBX,100
NECB,100
NEE,100
NEGG,16
NEM,100
NEMG,100
NEO,100
NEOG,40
NEON,74
NERD,96
NET,100
NETG,100
NETL,88
NETX,100
NEU,100
NEWP,24
NEWT,66
NEXA,38
NEXN,46
NEXT,100
NFBK,70
NFE,100
NFG,100
NFGC,56
NFLP,100
NFLU,100
NFLW,100
NFLX,100
NFLY,92
NFRA,96
NFTY,76
NG,100
NGD,100
NGG,100
NGL,100
NGNE,100
NGS,100
NGVC,72
NGVT,100
NHC,100
NHI,100
NHTC,26
NI,100
NIC,100
NICE,100
NINE,48
NIO,100
NIQ,40
NIU,28
NJR,80
NKE,100
NKLR,82
NKTR,100
NKTX,32
NL,44
NLOP,100
NLR,100
NLY,100
NMAX,100
NMFC,64
NMG,30
NMIH,76
NMM,100
NMR,44
NMRA,80
NMRK,94
NMTC,24
NN,100
NNBR,24
NNDM,96
NNE,100
NNEX,100
NNI,100
NNN,74
NNOX,56
NNVC,24
NOA,88
NOAH,70
NOBL,100
NOC,100
NOG,100
NOK,100
NOMD,80
NOTE,100
NOTV,24
NOV,100
NOVT,100
NOW,100
NPCE,88
NPKI,68
NPO,100
NPWR,86
NRC,52
NRDS,80
NRDY,32
NREF,80
NRG,100
NRGV,100
NRIX,100
NRP,100
NRT,30
NRXP,24
NSA,68
NSC,100
NSIT,100
NSP,100
NSPR,24
NSSC,92
NTAP,100
NTB,78
NTCT,68
NTES,100
NTGR,100
NTLA,100
NTNX,100
NTR,100
NTRA,100
NTRS,100
NTSK,100
NTST,96
NTSX,100
NTWK,28
NU,100
NUAI,36
NUE,100
NUG,100
NUGT,100
NUKZ,100
NUS,66
NUSC,96
NUVB,88
NUVL,100
NVAX,100
NVCR,100
NVCT,44
NVD,100
NVDA,100
NVDD,100
NVDG,100
NVDL,100
NVDQ,100
NVDS,100
NVDU,100
NVDW,100
NVDX,100
NVDY,100
NVGS,100
NVMI,100
NVNO,26
NVO,100
NVOX,100
NVRI,100
NVS,100
NVST,96
NVT,100
NVTS,100
NVTX,100
NVX,56
NVYY,100
NWBI,80
NWE,98
NWG,86
NWL,100
NWMX,100
NWN,76
NWPX,100
NWS,72
NWSA,64
NX,100
NXDR,55
NXDT,24
NXE,100
NXPI,100
NXRT,66
NXST,100
NXT,100
NXTC,12
NXTE,100
NXTG,100
NYT,100
NZAC,96
NZUS,100
O,100
OABI,24
OACP,58
OARK,100
OBDC,78
OBE,46
OBIO,24
OBK,72
OBOR,88
OC,100
OCFC,96
OCGN,82
OCSL,80
OCUL,100
ODD,100
ODDS,98
ODFL,100
ODV,58
OEC,52
OEF,100
OESX,12
OFG,78
OFIX,88
OFS,44
OGE,80
OGI,40
OGIG,100
OGN,100
OGS,100
OHI,100
OI,100
OIH,100
OII,88
OILK,100
OIS,38
OKE,100
OKLL,100
OKLO,100
OKTA,100
OKTG,100
OKTX,100
OLED,100
OLLI,100
OLMA,100
OLN,100
OLP,58
OLPX,48
OM,72
OMAB,100
OMAH,100
OMC,100
OMCL,90
OMDA,100
OMER,100
OMEX,100
OMF,100
OMFL,98
OMI,100
ON,100
ONB,84
ONC,100
OND,100
ONDS,100
ONEO,100
ONEQ,100
ONEV,100
ONEW,86
ONEY,100
ONIT,100
ONL,24
ONLN,100
ONON,100
ONTF,30
ONTO,100
OOMA,72
OPAD,100
OPAL,24
OPBK,80
OPCH,100
OPEN,100
OPEX,100
OPFI,100
OPK,74
OPPE,94
OPPJ,80
OPRA,100
OPRT,34
OPRX,100
OPTT,56
OPTU,78
OPY,100
OR,82
ORA,100
ORBS,52
ORC,40
ORCL,100
ORCX,100
ORGN,58
ORGO,38
ORI,80
ORIC,100
ORKA,94
ORLA,80
ORLY,100
ORMP,24
ORN,62
ORRF,70
OS,100
OSBC,96
OSCG,100
OSCR,100
OSG,100
OSIS,100
OSK,100
OSPN,86
OSS,40
OSUR,24
OSW,76
OTEX,100
OTIS,100
OTLK,74
OTLY,100
OTTR,100
OUNZ,100
OUSA,86
OUSM,88
OUST,100
OUT,100
OVID,56
OVLH,70
OVT,60
OVV,100
OWL,100
OXM,96
OXSQ,24
OXY,100
OZEM,100
OZK,100
PAA,100
PAAS,100
PACB,100
PACK,32
PACS,100
PAG,100
PAGP,100
PAGS,100
PAHC,98
PAL,48
PALC,84
PALL,100
PAM,100
PAMC,100
PANG,100
PANL,38
PANW,100
PAR,100
PARR,100
PASG,12
PATH,100
PATK,100
PAVE,100
PAVM,24
PAWZ,100
PAX,80
PAY,100
PAYC,100
PAYO,100
PAYS,40
PAYX,100
PB,100
PBA,76
PBD,98
PBE,100
PBF,100
PBH,100
PBI,100
PBJ,22
PBP,88
PBR,100
PBR.A,98
PBT,96
PBW,100
PBYI,32
PCAR,100
PCB,64
PCEF,68
PCG,100
PCH,74
PCOR,100
PCRX,100
PCT,100
PCTY,100
PCVX,100
PCY,66
PCYO,64
PD,100
PDBA,100
PDBC,100
PDD,100
PDFS,86
PDLB,82
PDM,52
PDN,100
PDP,100
PDS,100
PDSB,24
PDYN,100
PEB,74
PEBO,66
PECO,70
PEG,100
PEGA,100
PEJ,100
PEN,100
PENG,100
PENN,100
PEO,56
PEP,100
PEPG,92
PERI,72
PESI,78
PETS,24
PEW,64
PEX,94
PEY,100
PEZ,100
PFBC,100
PFE,100
PFF,100
PFFA,70
PFFD,88
PFFV,64
PFG,100
PFGC,100
PFI,100
PFIX,100
PFLT,58
PFM,100
PFS,92
PFSI,100
PFXF,88
PG,100
PGC,64
PGEN,100
PGF,100
PGJ,100
PGNY,68
PGR,100
PGRE,40
PGX,62
PGY,100
PH,100
PHAT,100
PHB,100
PHG,100
PHIN,100
PHM,100
PHO,100
PHR,100
PHUN,24
PHVS,88
PI,100
PICK,100
PID,68
PIE,78
PII,100
PILL,100
PIN,100
PINE,88
PINK,100
PINS,100
PIO,96
PIPR,100
PIT,100
PIZ,94
PJP,100
PJT,100
PK,70
PKB,100
PKBK,62
PKE,88
PKG,100
PKOH,92
PKST,80
PKW,100
PKX,98
PL,100
PLAB,100
PLAY,100
PLBY,24
PLCE,100
PLD,100
PLG,56
PLMR,100
PLNT,100
PLOW,70
PLRX,64
PLSE,100
PLTD,100
PLTG,100
PLTI,100
PLTK,38
PLTR,100
PLTW,100
PLTY,100
PLUG,100
PLUS,100
PLX,32
PLXS,100
PLYM,64
PLYY,100
PM,100
PMCB,56
PMT,100
PMVP,24
PNC,100
PNFP,100
PNNT,40
PNQI,100
PNR,100
PNTG,66
PNW,100
PODD,100
POET,100
PONX,100
PONY,100
POOL,100
POR,78
POST,100
POWA,100
POWI,94
POWL,100
POWR,88
POWW,40
PPA,100
PPBT,56
PPC,100
PPG,100
PPH,100
PPI,68
PPIH,84
PPL,100
PPLT,100
PPSI,62
PPTA,100
PR,100
PRA,62
PRAA,100
PRAX,100
PRCH,100
PRCT,100
PRDO,100
PRE,50
PRF,100
PRFZ,100
PRG,82
PRGO,100
PRGS,100
PRI,100
PRIM,100
PRK,100
PRKS,100
PRLB,86
PRLD,24
PRM,100
PRMB,100
PRME,100
PRN,100
PRNT,92
PROF,38
PROK,80
PROP,84
PRPH,56
PRPL,32
PRQR,24
PRSU,76
PRTA,100
PRTH,42
PRTS,56
PRU,100
PRVA,86
PSA,100
PSCC,88
PSCD,100
PSCE,100
PSCF,100
PSCH,98
PSCI,100
PSCM,100
PSCT,100
PSEC,100
PSEP,80
PSFE,100
PSI,100
PSIL,100
PSIX,100
PSK,88
PSKY,100
PSL,100
PSMT,100
PSN,100
PSNL,64
PSNY,100
PSO,82
PSP,100
PSQ,100
PSQH,100
PSR,94
PST,100
PSTG,100
PSTL,86
PSWD,100
PSX,100
PTBD,64
PTC,100
PTCT,100
PTEN,100
PTF,100
PTGX,100
PTH,100
PTIN,92
PTIR,100
PTLC,100
PTLO,100
PTNQ,100
PTON,100
PTRN,84
PUBM,94
PUI,100
PUK,72
PULS,88
PUMP,68
PVH,100
PVL,24
PVLA,100
PWB,100
PWP,92
PWR,100
PWRD,100
PWV,100
PWZ,88
PX,68
PXE,94
PXF,100
PXH,68
PXI,100
PXIU,100
PXJ,100
PYPG,100
PYPL,100
PYPY,100
PYXS,30
PYZ,100
PZA,100
PZZA,100
Q,70
QABA,100
QAI,72
QBTS,100
QBTX,100
QCLN,100
QCML,100
QCOM,100
QCRH,100
QD,30
QDEF,100
QDEL,100
QDF,96
QDIV,98
QDPL,76
QDTE,84
QDVO,96
QEFA,100
QEMM,100
QETH,100
QFIN,100
QGEN,100
QGRO,100
QGRW,100
QID,100
QIPT,24
QLD,100
QLYS,100
QMOM,100
QNCX,30
QNST,100
QNXT,100
QPUX,100
QPX,90
QQEW,100
QQH,100
QQQ,100
QQQA,100
QQQD,100
QQQE,100
QQQH,92
QQQI,100
QQQJ,100
QQQM,100
QQQP,100
QQQT,100
QQQY,100
QQXT,100
QRFT,100
QRHC,24
QRMI,56
QRVO,100
QS,100
QSI,100
QSR,100
QSX,100
QTEC,100
QTOP,100
QTRX,72
QTUM,100
QTWO,100
QUAD,34
QUAL,100
QUBT,100
QUBX,100
QUIK,100
QURE,100
QUS,100
QVCGA,90
QWLD,100
QXO,100
QYLD,100
QYLG,100
R,100
RAAX,84
RACE,100
RAIL,62
RAL,88
RAMP,98
RANI,100
RAPP,100
RAPT,100
RARE,100
RAVE,24
RBA,100
RBB,94
RBBN,24
RBC,100
RBCAA,98
RBLD,100
RBLU,100
RBLX,100
RBLY,100
RBRK,100
RC,54
RCAT,100
RCEL,34
RCI,96
RCKT,42
RCL,100
RCON,44
RCUS,100
RDDT,100
RDI,22
RDIV,100
RDN,100
RDNT,100
RDNW,26
RDTE,86
RDTL,100
RDVI,100
RDVT,94
RDVY,100
RDW,100
RDWR,100
RDY,80
REAI,88
REAL,100
REAX,28
REE,24
REET,68
REFI,78
REFR,24
REG,100
REGL,100
REGN,100
REI,78
REK,62
REKR,56
REKT,100
RELL,64
RELX,78
RELY,100
REM,100
REMX,100
REPL,100
REPX,68
RES,32
RETL,100
REVG,100
REW,100
REX,88
REXR,80
REYN,64
REZ,100
REZI,100
RF,100
RFG,86
RFIL,52
RFL,24
RFV,100
RGA,100
RGCO,56
RGEN,100
RGLD,100
RGNX,100
RGP,28
RGR,92
RGTI,100
RGTU,100
RGTX,100
RH,100
RHI,100
RHP,100
RICK,100
RIET,60
RIG,100
RIGL,100
RILY,100
RINF,100
RING,100
RIO,100
RIOT,100
RIOX,100
RITM,100
RIVN,100
RJET,26
RJF,100
RKLB,100
RKLX,100
RKT,100
RL,100
RLAY,100
RLGT,40
RLI,100
RLJ,44
RLMD,34
RLX,70
RLY,90
RM,56
RMAX,52
RMBS,100
RMD,100
RMNI,26
RMR,88
RMTI,56
RNA,100
RNAC,62
RNG,100
RNGR,40
RNR,100
RNST,78
RNW,100
ROAD,100
ROBN,100
ROBO,100
ROBT,100
ROCK,100
RODM,82
ROE,100
ROG,100
ROIV,100
ROK,100
ROKT,100
ROKU,100
ROL,100
ROM,100
ROOT,100
ROP,100
ROST,100
RPAR,90
RPAY,34
RPD,100
RPG,96
RPHS,100
RPM,100
RPRX,100
RPT,24
RPTX,24
RPV,100
RR,100
RRC,100
RRGB,36
RRR,100
RRX,100
RS,100
RSG,100
RSI,100
RSKD,32
RSP,100
RSPC,100
RSPD,100
RSPF,100
RSPG,100
RSPH,86
RSPM,86
RSPN,100
RSPR,88
RSPS,88
RSPT,100
RSPU,100
RSSL,100
RSVR,70
RTH,100
RTO,72
RTX,100
RUM,100
RUN,100
RUNN,100
RUSHA,94
RVLV,100
RVMD,100
RVP,24
RVPH,84
RVSB,82
RVTY,100
RWAY,60
RWJ,100
RWK,100
RWL,100
RWM,100
RWO,74
RWR,100
RWT,90
RWX,66
RXD,96
RXI,100
RXL,100
RXO,90
RXRX,100
RXST,84
RXT,72
RY,100
RYAAY,100
RYAM,100
RYAN,100
RYI,84
RYLD,100
RYLG,68
RYN,100
RYTM,100
RZG,94
RZLT,100
RZLV,100
RZV,100
S,100
SA,100
SAA,100
SABR,100
SABS,40
SACH,24
SAFE,84
SAFT,100
SAH,100
SAIA,100
SAIC,100
SAIL,92
SAM,100
SAMG,82
SAN,100
SANA,68
SANM,100
SAP,100
SAR,100
SARK,100
SARO,66
SATL,58
SATO,100
SATS,100
SAVA,100
SB,24
SBAC,100
SBB,100
SBCF,70
SBET,100
SBGI,100
SBH,86
SBIO,100
SBIT,100
SBLK,100
SBRA,96
SBS,66
SBSI,68
SBSW,100
SBTU,100
SBU,100
SBUX,100
SCC,100
SCCO,100
SCHA,100
SCHB,100
SCHC,92
SCHD,100
SCHE,76
SCHF,70
SCHG,100
SCHH,100
SCHI,100
SCHJ,88
SCHK,92
SCHL,76
SCHM,100
SCHO,56
SCHP,100
SCHR,88
SCHV,100
SCHW,100
SCHX,100
SCHY,100
SCHZ,88
SCI,100
SCJ,100
SCL,94
SCM,78
SCO,100
SCSC,80
SCVL,92
SCYX,24
SCZ,100
SD,74
SDCI,88
SDD,100
SDEM,72
SDGR,100
SDIV,100
SDOG,92
SDOW,100
SDP,100
SDRL,86
SDS,100
SDVY,86
SDY,100
SE,100
SEA,62
SEAT,52
SECT,100
SEDG,100
SEE,100
SEER,24
SEF,100
SEG,66
SEI,100
SEIC,100
SELF,30
SEM,84
SEMR,68
SENS,100
SEPN,100
SERA,36
SERV,100
SES,92
SETH,100
SEV,100
SEVN,100
SEZL,100
SF,100
SFBS,100
SFD,60
SFIX,100
SFL,54
SFM,100
SFNC,96
SFST,86
SFY,100
SFYF,100
SFYX,88
SG,100
SGC,70
SGDJ,100
SGDM,100
SGHC,100
SGHT,40
SGI,100
SGML,100
SGMO,68
SGMT,100
SGOL,100
SGOV,100
SGRY,100
SGU,74
SH,100
SHAK,100
SHBI,88
SHC,86
SHCO,50
SHE,100
SHEL,100
SHEN,78
SHG,92
SHIP,100
SHLD,100
SHLS,100
SHM,58
SHO,54
SHOO,100
SHOP,100
SHV,100
SHW,100
SHY,100
SHYG,58
SIBN,92
SID,56
SIEB,24
SIFY,82
SIG,100
SIGA,100
SIGI,100
SII,100
SIJ,100
SIL,100
SILA,80
SILJ,100
SIMO,100
SIMS,100
SIRI,100
SITC,100
SITE,100
SITM,100
SIVR,100
SIXG,100
SIZE,100
SJB,64
SJM,100
SJNK,100
SJT,36
SKE,98
SKF,100
SKIN,58
SKLZ,100
SKM,66
SKRE,86
SKT,100
SKWD,44
SKY,100
SKYE,24
SKYH,100
SKYT,100
SKYU,100
SKYW,100
SKYY,100
SLAB,100
SLAI,86
SLB,100
SLDB,78
SLDE,90
SLDP,100
SLF,98
SLG,100
SLGN,84
SLI,36
SLM,100
SLN,64
SLNO,100
SLON,100
SLP,98
SLQT,58
SLRC,86
SLS,100
SLSR,48
SLV,100
SLVM,100
SLVP,100
SLVR,100
SLX,100
SLYG,100
SLYV,100
SM,100
SMA,70
SMB,56
SMBC,90
SMBK,44
SMC,58
SMCF,98
SMCI,100
SMCL,100
SMCX,100
SMCY,100
SMDD,100
SMDV,96
SMFG,86
SMG,100
SMH,100
SMHI,40
SMHX,100
SMIN,100
SMLF,100
SMLL,100
SMLR,100
SMLV,100
SMMD,100
SMMT,100
SMN,100
SMOG,100
SMOT,76
SMP,74
SMPL,100
SMQ,100
SMR,100
SMRT,32
SMSI,34
SMST,100
SMTC,100
SMU,100
SMUP,100
SMWB,52
SN,100
SNA,100
SNAP,100
SNBR,96
SNCR,54
SNCY,78
SND,24
SNDK,100
SNDL,100
SNDR,62
SNDX,100
SNEX,100
SNN,74
SNOU,100
SNOW,100
SNOY,98
SNPE,100
SNPS,100
SNPX,100
SNSR,100
SNV,100
SNX,100
SNY,100
SO,100
SOBO,64
SOC,100
SOCL,100
SOEZ,88
SOFI,100
SOFX,100
SOGP,100
SOHU,86
SOL,24
SOLC,100
SOLS,78
SOLT,100
SOLV,100
SOLZ,100
SON,86
SONO,100
SONY,100
SOPH,30
SOUN,100
SOXL,100
SOXQ,100
SOXS,100
SOXX,100
SOXY,100
SOYB,100
SPAB,88
SPB,100
SPBC,96
SPBO,88
SPC,64
SPCE,100
SPCX,100
SPD,88
SPDN,66
SPDW,86
SPEM,92
SPEU,98
SPFF,88
SPFI,74
SPG,100
SPGI,100
SPGM,100
SPGP,100
SPH,96
SPHB,100
SPHD,90
SPHQ,96
SPHR,100
SPHY,58
SPIB,88
SPIP,88
SPIR,100
SPLB,88
SPLV,100
SPMB,88
SPMD,100
SPMO,100
SPMV,100
SPNS,96
SPNT,98
SPOG,100
SPOK,90
SPOT,100
SPRB,10
SPRO,40
SPRU,44
SPRX,100
SPRY,100
SPSB,88
SPSC,100
SPSM,100
SPT,100
SPTI,88
SPTL,100
SPTM,100
SPTS,88
SPUU,100
SPVM,100
SPVU,100
SPWH,32
SPWR,28
SPXC,100
SPXE,100
SPXL,100
SPXN,100
SPXS,100
SPXT,100
SPXU,100
SPXV,100
SPY,100
SPYD,92
SPYG,100
SPYH,100
SPYI,92
SPYM,100
SPYQ,100
SPYT,100
SPYV,100
SPYX,96
SQFT,12
SQM,100
SQNS,100
SQQQ,100
SR,100
SRAD,100
SRCE,100
SRE,100
SRET,100
SRG,66
SRI,42
SRL,40
SRLN,100
SRPT,100
SRPU,100
SRRK,100
SRS,100
SRTA,30
SRTS,68
SRTY,100
SRVR,84
SSB,100
SSD,100
SSG,100
SSK,100
SSL,40
SSNC,100
SSO,100
SSP,100
SSRM,100
SSSS,62
SSTI,72
SSTK,100
SSUS,96
SSYS,100
ST,100
STAA,100
STAG,72
STBA,72
STC,100
STCE,100
STE,100
STEM,100
STEP,100
STEX,34
STGW,32
STHO,50
STIM,56
STIP,88
STKE,66
STKL,82
STKS,24
STLA,100
STLD,100
STM,100
STN,100
STNE,100
STNG,100
STOK,92
STPZ,58
STRA,100
STRC,100
STRD,100
STRF,100
STRL,100
STRO,92
STRV,100
STRZ,100
STSS,30
STT,100
STTK,24
STUB,100
STVN,66
STWD,100
STX,100
STXE,98
STXS,24
STZ,100
SU,100
SUI,100
SUIG,60
SUN,100
SUNS,100
SUPL,80
SUPN,100
SUPV,78
SURG,24
SUSA,100
SUSB,56
SUSL,100
SUZ,56
SVAL,100
SVC,72
SVIX,100
SVM,66
SVOL,100
SVRA,40
SVV,72
SVXY,100
SW,100
SWAN,100
SWBI,100
SWIM,46
SWK,100
SWKS,100
SWX,100
SXC,54
SXI,100
SXT,100
SY,28
SYBT,100
SYF,100
SYK,100
SYLD,100
SYM,100
SYNA,100
SYPR,24
SYRE,100
SYY,100
SZK,100
T,100
TAC,100
TACT,30
TAGS,66
TAIL,58
TAK,82
TAL,100
TALK,56
TALO,62
TAN,100
TAP,100
TARA,40
TARK,100
TARS,100
TASK,82
TBBB,98
TBBK,100
TBCH,100
TBF,100
TBHC,28
TBI,34
TBIL,100
TBLA,24
TBLU,96
TBPH,100
TBRG,78
TBT,100
TCBI,100
TCBK,84
TCBX,56
TCHI,100
TCMD,88
TCOM,100
TCPC,36
TCX,74
TD,100
TDAY,100
TDC,100
TDG,100
TDIV,100
TDOC,100
TDS,100
TDSC,90
TDTT,88
TDUP,94
TDV,100
TDW,100
TDY,100
TE,100
TEAD,34
TEAM,100
TECB,100
TECH,100
TECK,100
TECL,100
TECS,100
TECX,96
TEF,28
TEK,100
TEL,100
TELA,24
TEM,100
TEMT,100
TEN,100
TENB,100
TEO,100
TER,100
TERG,100
TERN,100
TESL,100
TETH,100
TEVA,100
TEX,100
TFC,100
TFI,100
TFII,100
TFIN,100
TFLO,64
TFPM,82
TFSL,80
TFX,100
TG,52
TGB,100
TGEN,54
TGLS,100
TGNA,100
TGS,74
TGT,100
TGTX,100
TH,100
THC,100
THCH,24
THD,100
THFF,96
THG,100
THLV,88
THNQ,100
THO,100
THR,78
THRM,78
THRO,100
THRY,62
THS,86
TIC,100
TIGO,100
TIGR,100
TILE,64
TILL,64
TIMB,68
TIME,68
TINT,100
TINY,100
TIP,100
TIPT,96
TIPX,56
TITN,92
TJX,100
TK,72
TKC,34
TKNO,30
TKO,100
TKR,100
TLH,100
TLN,100
TLPH,68
TLRY,100
TLS,44
TLSA,24
TLT,100
TLTI,100
TLYS,24
TM,100
TMAT,100
TMC,100
TMCI,40
TMDV,78
TMDX,100
TME,100
TMF,100
TMFC,100
TMHC,100
TMO,100
TMP,100
TMQ,100
TMUS,100
TMV,100
TNA,100
TNC,100
TNDM,100
TNET,100
TNGX,100
TNK,100
TNL,100
TNXP,92
TNYA,56
TOI,64
TOKE,72
TOL,100
TOLZ,88
TONX,40
TOON,46
TOPT,100
TORO,32
TOST,100
TOTL,88
TOUR,24
TOWN,70
TPB,100
TPC,100
TPG,100
TPH,100
TPL,100
TPOR,100
TPR,100
TPVG,40
TPYP,74
TQQQ,100
TQQY,100
TR,100
TRAK,86
TRC,40
TRDA,86
TREE,100
TREX,100
TRFK,100
TRGP,100
TRI,100
TRIB,24
TRIN,84
TRIP,100
TRMB,100
TRMD,84
TRMK,74
TRN,100
TRNO,92
TRNS,100
TRON,100
TROO,24
TROW,100
TROX,100
TRP,100
TRS,80
TRST,76
TRTX,100
TRU,100
TRUE,24
TRUP,100
TRV,100
TRVG,26
TRVI,100
TRX,56
TS,100
TSAT,90
TSBK,68
TSCO,100
TSDD,100
TSE,24
TSEM,100
TSHA,100
TSL,100
TSLA,100
TSLG,100
TSLL,100
TSLP,98
TSLQ,100
TSLR,100
TSLS,100
TSLT,100
TSLW,100
TSLX,60
TSLY,100
TSLZ,100
TSM,100
TSMG,100
TSMU,100
TSMY,88
TSN,100
TSPY,100
TSQ,42
TSSI,100
TSYW,100
TSYY,100
TT,100
TTAM,86
TTAN,100
TTC,100
TTD,100
TTDU,100
TTE,100
TTEC,32
TTEK,100
TTGT,40
TTI,100
TTMI,100
TTSH,38
TTT,100
TTWO,100
TU,100
TUA,100
TUR,100
TUSK,24
TUYA,56
TV,48
TVRD,76
TVTX,100
TW,100
TWI,50
TWIN,82
TWLO,100
TWM,100
TWO,100
TWST,100
TX,76
TXG,96
TXMD,40
TXN,100
TXNM,100
TXO,82
TXRH,100
TXT,100
TYD,100
TYL,100
TYLG,84
TYO,58
TYRA,86
TZA,100
TZOO,68
TZUP,32
U,100
UA,42
UAA,100
UAL,100
UAMY,100
UAN,100
UBER,100
UBEW,100
UBFO,56
UBOT,100
UBR,100
UBRL,100
UBS,100
UBSI,72
UBT,68
UCB,68
UCC,100
UCO,100
UCTT,82
UCYB,100
UDMY,40
UDN,100
UDOW,100
UDR,100
UE,96
UEC,100
UEIC,28
UFCS,68
UFI,26
UFO,100
UFPI,100
UFPT,100
UGA,100
UGE,100
UGI,96
UGL,100
UGP,24
UGRO,24
UHAL,98
UHAL.B,86
UHS,100
UHT,72
UIS,100
UL,100
ULCC,100
ULE,100
ULS,100
ULTA,100
ULTY,100
UMAC,100
UMBF,100
UMC,100
UMDD,100
UMH,84
UNCY,44
UNF,100
UNFI,100
UNG,100
UNH,100
UNHG,100
UNHW,100
UNIT,100
UNL,70
UNM,100
UNP,100
UNTY,84
UNX,100
UONE,24
UONEK,24
UP,94
UPAR,70
UPB,84
UPBD,88
UPGR,100
UPLD,24
UPRO,100
UPS,100
UPST,100
UPSX,100
UPV,100
UPW,100
UPWK,100
UPXI,100
URA,100
URBN,100
URE,100
URGN,100
URI,100
URNJ,100
URNM,100
UROY,54
URTH,100
URTY,100
USAC,82
USAI,88
USAR,100
USAS,72
USAU,92
USB,100
USCI,100
USD,100
USDU,60
USFD,100
USFR,56
USG,100
USHY,94
USIG,68
USIO,24
USL,100
USLM,100
USMC,100
USMF,72
USMV,100
USNA,86
USO,100
USOY,100
USPH,100
USPX,96
USRD,96
USRT,90
UST,68
USXF,96
UTEN,100
UTES,100
UTHR,100
UTHY,100
UTI,100
UTL,88
UTSL,100
UTWO,100
UTWY,100
UTZ,100
UUP,100
UUUU,100
UVE,100
UVIX,100
UVSP,68
UVV,90
UVXY,100
UWM,100
UWMC,100
UX,100
UXI,100
UXRP,100
UYG,100
UYM,100
V,100
VAC,100
VAL,100
VALE,100
VALQ,100
VANI,40
VAW,100
VB,100
VBK,100
VBNK,68
VBR,100
VC,100
VCEB,68
VCEL,82
VCIT,100
VCLT,100
VCR,100
VCRB,70
VCSH,88
VCTR,100
VCYT,100
VDC,100
VDE,100
VEA,100
VECO,100
VEEV,100
VEGI,78
VEGN,100
VEL,100
VELO,52
VENU,70
VEON,100
VERA,100
VERI,78
VERS,100
VERU,100
VERX,100
VET,58
VEU,100
VFC,100
VFF,78
VFH,100
VFMF,100
VFMO,100
VFMV,100
VFQY,100
VFS,100
VFVA,100
VG,100
VGIT,66
VGK,100
VGLT,100
VGSH,66
VGT,100
VGZ,56
VHT,100
VIAV,100
VICE,88
VICI,100
VICR,100
VIG,100
VIGI,100
VIK,100
VINP,66
VIOG,100
VIPS,100
VIR,88
VIRC,46
VIRT,100
VIS,100
VIST,100
VITL,100
VIV,74
VIXM,100
VIXY,100
VKTX,100
VLN,24
VLO,100
VLRS,46
VLTO,100
VLU,100
VLUE,100
VLY,100
VMBS,88
VMC,100
VMD,40
VMI,100
VNDA,88
VNET,100
VNLA,88
VNM,100
VNO,100
VNOM,100
VNQ,100
VNQI,78
VNRX,24
VNT,74
VO,100
VOC,24
VOD,100
VOE,100
VONE,100
VONV,100
VOO,100
VOOG,100
VOOV,100
VOR,100
VOT,100
VOX,100
VOYA,100
VOYG,100
VOYX,100
VPG,100
VPL,100
VPLS,100
VPU,100
VRA,24
VRAR,38
VRCA,12
VRDN,100
VRE,84
VREX,92
VRM,10
VRNS,100
VRP,64
VRRM,80
VRSK,100
VRSN,100
VRT,100
VRTL,100
VRTX,100
VSAT,100
VSCO,100
VSDA,80
VSEC,100
VSGX,100
VSH,100
VSOL,100
VSS,100
VST,100
VSTM,100
VSTS,34
VT,100
VTC,90
VTEB,88
VTEC,78
VTEI,70
VTES,68
VTEX,28
VTGN,76
VTI,100
VTIP,60
VTLE,100
VTOL,78
VTR,100
VTRS,100
VTS,58
VTSI,34
VTV,100
VTWG,100
VTWO,100
VTYX,86
VUG,100
VUSB,56
VUZI,100
VV,100
VVPR,34
VVV,84
VVX,100
VWAV,78
VWO,100
VWOB,92
VXF,100
VXUS,100
VXX,100
VXZ,100
VYGR,68
VYM,100
VYMI,100
VYX,94
VZ,100
VZLA,48
W,100
WAB,100
WABC,82
WAFD,70
WAL,100
WANT,100
WASH,64
WAT,100
WAY,100
WB,100
WBD,100
WBI,64
WBS,100
WBTN,94
WBX,38
WCBR,98
WCC,100
WCLD,96
WCN,100
WD,100
WDAY,100
WDC,100
WDFC,100
WDIV,100
WDNA,88
WDS,90
WDTE,100
WEAT,100
WEAV,100
WEBL,100
WEBS,100
WEC,100
WEED,100
WELL,100
WEN,100
WERN,64
WES,100
WEST,82
WEX,100
WFC,100
WFG,100
WFRD,100
WGMI,100
WGO,100
WGS,100
WH,100
WHD,92
WHF,46
WHG,90
WHR,100
WHWK,24
WING,100
WIP,66
WISE,100
WIT,24
WIX,100
WK,100
WKC,66
WKHS,72
WLAC,74
WLDN,100
WLK,100
WLKP,64
WLY,78
WM,100
WMB,100
WMG,100
WMK,100
WMS,100
WMT,100
WMTI,100
WNC,64
WNEB,68
WNTR,100
WOLF,100
WOOD,100
WOOF,100
WOR,100
WOW,30
WPAY,100
WPC,100
WPM,100
WPP,100
WPRT,38
WRAP,60
WRB,100
WRBY,100
WRD,96
WS,56
WSBC,72
WSBF,86
WSC,100
WSFS,92
WSM,100
WSO,100
WSR,78
WST,100
WT,94
WTAI,100
WTBA,78
WTFC,100
WTI,94
WTMF,88
WTPI,100
WTRE,100
WTRG,74
WTS,100
WTTR,62
WTV,100
WTW,100
WU,100
WULF,100
WULX,100
WVE,100
WW,100
WWD,100
WWR,100
WWW,100
WY,100
WYFI,100
WYNN,100
WYY,40
XAIR,23
XAIX,100
XAR,100
XBI,100
XBIL,100
XBIT,24
XBTY,100
XC,100
XCEM,100
XDAT,88
XDIV,94
XDTE,100
XEL,100
XENE,100
XERS,46
XES,100
XFOR,28
XGN,66
XHB,100
XHE,100
XHR,82
XHS,100
XHYC,88
XHYD,88
XHYE,88
XHYF,88
XHYH,88
XHYI,88
XHYT,88
XIFR,100
XITK,100
XLB,100
XLC,100
XLE,100
XLF,100
XLG,100
XLI,100
XLK,100
XLP,100
XLRE,100
XLSR,100
XLU,100
XLV,100
XLY,100
XMAG,100
XME,100
XMHQ,100
XMLV,84
XMMO,100
XMTR,100
XMVM,100
XNCR,86
XNET,100
XNTK,100
XOM,100
XOMA,82
XOMO,88
XOP,100
XOVR,92
XP,100
XPEL,100
XPER,40
XPEV,100
XPH,100
XPND,100
XPO,100
XPOF,80
XPP,100
XPRO,80
XRAY,76
XRLV,88
XRMI,56
XRPC,100
XRPI,100
XRPR,100
XRPT,100
XRPZ,88
XRT,100
XRX,100
XSD,100
XSHD,68
XSHQ,88
XSLV,100
XSMO,100
XSOE,100
XSVM,100
XSW,100
XT,100
XTL,100
XTN,100
XVOL,88
XVV,100
XXI,100
XXII,32
XXRP,100
XYL,100
XYLD,88
XYLG,72
XYZ,100
XYZG,100
XYZY,100
YALA,44
YALL,100
YANG,100
YBIT,100
YBTC,100
YCL,80
YCS,100
YELP,100
YETH,100
YETI,100
YEXT,100
YINN,100
YLD,56
YMAG,70
YMAX,100
YMM,74
YOLO,54
YORW,66
YOU,100
YPF,100
YQ,32
YQQQ,98
YRD,34
YSG,52
YUM,100
YUMC,100
YXI,100
YYY,88
Z,100
ZBH,100
ZBIO,100
ZBRA,100
ZD,100
ZDGE,56
ZENA,56
ZEPP,100
ZETA,100
ZEUS,80
ZG,100
ZGN,56
ZH,28
ZHDG,88
ZIM,100
ZION,100
ZIP,32
ZK,100
ZLAB,100
ZM,100
ZNTL,32
ZROZ,100
ZS,100
ZSL,100
ZTO,100
ZTS,100
ZUMZ,96
ZURA,30
ZVIA,24
ZVRA,100
ZWS,100
ZYME,88
ZYXI,60
