symbol,opra,K,T,S0,iv,type
ABNB,ABNB251219C00101000,101.0,0.01643835616438356,128.365,,call
ABNB,ABNB251219C00104000,104.0,0.01643835616438356,128.365,,call
ABNB,ABNB251219C00139000,139.0,0.01643835616438356,128.365,,call
ABNB,ABNB251219P00065000,65.0,0.01643835616438356,128.365,,put
ABNB,ABNB251219C00126000,126.0,0.01643835616438356,128.365,0.3154,call
ABNB,ABNB251219C00085000,85.0,0.01643835616438356,128.365,,call
ABNB,ABNB251219C00128000,128.0,0.01643835616438356,128.365,0.3203,call
ABNB,ABNB251219C00107000,107.0,0.01643835616438356,128.365,1.1569,call
ABNB,ABNB251219C00090000,90.0,0.01643835616438356,128.365,,call
ABNB,ABNB251219P00095000,95.0,0.01643835616438356,128.365,,put
ABNB,ABNB251219C00135000,135.0,0.01643835616438356,128.365,0.2825,call
ABNB,ABNB251219P00075000,75.0,0.01643835616438356,128.365,,put
ABNB,ABNB251219C00103000,103.0,0.01643835616438356,128.365,,call
ABNB,ABNB251219C00180000,180.0,0.01643835616438356,128.365,,call
ABNB,ABNB251219C00117000,117.0,0.01643835616438356,128.365,0.747,call
ABNB,ABNB251219P00122000,122.0,0.01643835616438356,128.365,0.398,put
ABNB,ABNB251219P00121000,121.0,0.01643835616438356,128.365,0.2949,put
ABNB,ABNB251219C00122000,122.0,0.01643835616438356,128.365,0.3717,call
ABNB,ABNB251219P00120000,120.0,0.01643835616438356,128.365,0.3728,put
ABNB,ABNB251219P00112000,112.0,0.01643835616438356,128.365,0.5037,put
ABNB,ABNB251219C00116000,116.0,0.01643835616438356,128.365,0.5223,call
ABNB,ABNB251219C00127000,127.0,0.01643835616438356,128.365,0.3227,call
ABNB,ABNB251219C00095000,95.0,0.01643835616438356,128.365,,call
ABNB,ABNB251219P00085000,85.0,0.01643835616438356,128.365,,put
ABNB,ABNB251219C00132000,132.0,0.01643835616438356,128.365,0.2928,call
ABNB,ABNB251219C00150000,150.0,0.01643835616438356,128.365,,call
ABNB,ABNB251219P00100000,100.0,0.01643835616438356,128.365,,put
ABNB,ABNB251219C00125000,125.0,0.01643835616438356,128.365,0.3745,call
ABNB,ABNB251219C00114000,114.0,0.01643835616438356,128.365,0.776,call
ABNB,ABNB251219C00131000,131.0,0.01643835616438356,128.365,0.2975,call
ABNB,ABNB251219C00120000,120.0,0.01643835616438356,128.365,0.3833,call
ABNB,ABNB251219P00116000,116.0,0.01643835616438356,128.365,,put
ABNB,ABNB251219P00111000,111.0,0.01643835616438356,128.365,,put
ABNB,ABNB251219C00137000,137.0,0.01643835616438356,128.365,,call
ABNB,ABNB251219P00101000,101.0,0.01643835616438356,128.365,,put
ABNB,ABNB251219C00070000,70.0,0.01643835616438356,128.365,,call
ABNB,ABNB251219P00106000,106.0,0.01643835616438356,128.365,,put
ABNB,ABNB251219P00090000,90.0,0.01643835616438356,128.365,,put
ABNB,ABNB251219C00175000,175.0,0.01643835616438356,128.365,,call
ABNB,ABNB251219P00103000,103.0,0.01643835616438356,128.365,,put
ABNB,ABNB251219C00138000,138.0,0.01643835616438356,128.365,0.3531,call
ABNB,ABNB251219C00105000,105.0,0.01643835616438356,128.365,,call
ABNB,ABNB251219C00109000,109.0,0.01643835616438356,128.365,1.063,call
ABNB,ABNB251219C00160000,160.0,0.01643835616438356,128.365,,call
ABNB,ABNB251219P00118000,118.0,0.01643835616438356,128.365,0.4236,put
ABNB,ABNB251219C00141000,141.0,0.01643835616438356,128.365,,call
ABNB,ABNB251219C00108000,108.0,0.01643835616438356,128.365,0.9578,call
ABNB,ABNB251219C00123000,123.0,0.01643835616438356,128.365,0.3844,call
ABNB,ABNB251219C00129000,129.0,0.01643835616438356,128.365,0.3079,call
ABNB,ABNB251219P00115000,115.0,0.01643835616438356,128.365,0.5423,put
ABNB,ABNB251219P00108000,108.0,0.01643835616438356,128.365,,put
ABNB,ABNB251219C00100000,100.0,0.01643835616438356,128.365,,call
ABNB,ABNB251219C00080000,80.0,0.01643835616438356,128.365,,call
ABNB,ABNB251219P00080000,80.0,0.01643835616438356,128.365,,put
ABNB,ABNB251219P00102000,102.0,0.01643835616438356,128.365,,put
ABNB,ABNB251219P00104000,104.0,0.01643835616438356,128.365,,put
ABNB,ABNB251219C00106000,106.0,0.01643835616438356,128.365,1.2033,call
ABNB,ABNB251219C00124000,124.0,0.01643835616438356,128.365,0.3637,call
ABNB,ABNB251219C00075000,75.0,0.01643835616438356,128.365,,call
ABNB,ABNB251219C00185000,185.0,0.01643835616438356,128.365,,call
ABNB,ABNB251219C00118000,118.0,0.01643835616438356,128.365,0.5716,call
ABNB,ABNB251219C00134000,134.0,0.01643835616438356,128.365,,call
ABNB,ABNB251219C00133000,133.0,0.01643835616438356,128.365,0.2984,call
ABNB,ABNB251219P00110000,110.0,0.01643835616438356,128.365,0.6662,put
ABNB,ABNB251219P00107000,107.0,0.01643835616438356,128.365,0.7459,put
ABNB,ABNB251219C00140000,140.0,0.01643835616438356,128.365,0.3651,call
ABNB,ABNB251219C00065000,65.0,0.01643835616438356,128.365,,call
ABNB,ABNB251219C00119000,119.0,0.01643835616438356,128.365,0.6497,call
ABNB,ABNB251219C00113000,113.0,0.01643835616438356,128.365,0.8851,call
ABNB,ABNB251219C00102000,102.0,0.01643835616438356,128.365,,call
ABNB,ABNB251219C00155000,155.0,0.01643835616438356,128.365,,call
ABNB,ABNB251219P00105000,105.0,0.01643835616438356,128.365,0.7825,put
ABNB,ABNB251219P00113000,113.0,0.01643835616438356,128.365,,put
ABNB,ABNB251219P00114000,114.0,0.01643835616438356,128.365,,put
ABNB,ABNB251219C00111000,111.0,0.01643835616438356,128.365,0.9301,call
ABNB,ABNB251219C00115000,115.0,0.01643835616438356,128.365,0.6589,call
ABNB,ABNB251219P00117000,117.0,0.01643835616438356,128.365,,put
ABNB,ABNB251219C00130000,130.0,0.01643835616438356,128.365,0.2993,call
ABNB,ABNB251219P00109000,109.0,0.01643835616438356,128.365,,put
ABNB,ABNB251219C00136000,136.0,0.01643835616438356,128.365,0.3329,call
ABNB,ABNB251219P00070000,70.0,0.01643835616438356,128.365,,put
ABNB,ABNB251219C00110000,110.0,0.01643835616438356,128.365,,call
ABNB,ABNB251219C00165000,165.0,0.01643835616438356,128.365,,call
ABNB,ABNB251219C00145000,145.0,0.01643835616438356,128.365,,call
ABNB,ABNB251219P00119000,119.0,0.01643835616438356,128.365,,put
ABNB,ABNB251219C00170000,170.0,0.01643835616438356,128.365,,call
ABNB,ABNB251219C00112000,112.0,0.01643835616438356,128.365,1.0106,call
ABNB,ABNB251219C00121000,121.0,0.01643835616438356,128.365,0.5445,call
ABNB,ABNB251226C00085000,85.0,0.03561643835616438,128.365,,call
ABNB,ABNB251219P00131000,131.0,0.01643835616438356,128.365,0.3314,put
ABNB,ABNB251226C00155000,155.0,0.03561643835616438,128.365,,call
ABNB,ABNB251219P00180000,180.0,0.01643835616438356,128.365,,put
ABNB,ABNB251219P00155000,155.0,0.01643835616438356,128.365,,put
ABNB,ABNB251226C00124000,124.0,0.03561643835616438,128.365,0.3234,call
ABNB,ABNB251219P00160000,160.0,0.01643835616438356,128.365,,put
ABNB,ABNB251226C00128000,128.0,0.03561643835616438,128.365,0.261,call
ABNB,ABNB251226C00118000,118.0,0.03561643835616438,128.365,,call
ABNB,ABNB251219P00135000,135.0,0.01643835616438356,128.365,,put
ABNB,ABNB251226P00095000,95.0,0.03561643835616438,128.365,,put
ABNB,ABNB251226P00100000,100.0,0.03561643835616438,128.365,,put
ABNB,ABNB251226C00110000,110.0,0.03561643835616438,128.365,0.6845,call
ABNB,ABNB251226C00070000,70.0,0.03561643835616438,128.365,,call
ABNB,ABNB251219P00138000,138.0,0.01643835616438356,128.365,,put
ABNB,ABNB251226P00090000,90.0,0.03561643835616438,128.365,,put
ABNB,ABNB251226C00125000,125.0,0.03561643835616438,128.365,0.2937,call
ABNB,ABNB251226P00070000,70.0,0.03561643835616438,128.365,,put
ABNB,ABNB251226C00111000,111.0,0.03561643835616438,128.365,0.6388,call
ABNB,ABNB251226C00134000,134.0,0.03561643835616438,128.365,0.2518,call
ABNB,ABNB251226C00112000,112.0,0.03561643835616438,128.365,0.5568,call
ABNB,ABNB251226C00120000,120.0,0.03561643835616438,128.365,0.3233,call
ABNB,ABNB251226P00113000,113.0,0.03561643835616438,128.365,,put
ABNB,ABNB251219P00145000,145.0,0.01643835616438356,128.365,,put
ABNB,ABNB251226P00106000,106.0,0.03561643835616438,128.365,,put
ABNB,ABNB251219P00175000,175.0,0.01643835616438356,128.365,,put
ABNB,ABNB251226P00105000,105.0,0.03561643835616438,128.365,,put
ABNB,ABNB251226C00122000,122.0,0.03561643835616438,128.365,0.3635,call
ABNB,ABNB251226C00131000,131.0,0.03561643835616438,128.365,0.2502,call
ABNB,ABNB251226C00132000,132.0,0.03561643835616438,128.365,0.2461,call
ABNB,ABNB251219P00132000,132.0,0.01643835616438356,128.365,0.2288,put
ABNB,ABNB251226C00130000,130.0,0.03561643835616438,128.365,0.253,call
ABNB,ABNB251226C00136000,136.0,0.03561643835616438,128.365,,call
ABNB,ABNB251219P00129000,129.0,0.01643835616438356,128.365,0.284,put
ABNB,ABNB251226C00138000,138.0,0.03561643835616438,128.365,,call
ABNB,ABNB251219P00127000,127.0,0.01643835616438356,128.365,0.2948,put
ABNB,ABNB251226C00165000,165.0,0.03561643835616438,128.365,,call
ABNB,ABNB251226C00104000,104.0,0.03561643835616438,128.365,0.7666,call
ABNB,ABNB251226C00108000,108.0,0.03561643835616438,128.365,0.7621,call
ABNB,ABNB251226C00133000,133.0,0.03561643835616438,128.365,0.2555,call
ABNB,ABNB251219P00126000,126.0,0.01643835616438356,128.365,0.2954,put
ABNB,ABNB251226C00121000,121.0,0.03561643835616438,128.365,0.3369,call
ABNB,ABNB251226C00141000,141.0,0.03561643835616438,128.365,0.3251,call
ABNB,ABNB251219P00141000,141.0,0.01643835616438356,128.365,,put
ABNB,ABNB251226C00145000,145.0,0.03561643835616438,128.365,,call
ABNB,ABNB251226C00135000,135.0,0.03561643835616438,128.365,0.2575,call
ABNB,ABNB251226C00117000,117.0,0.03561643835616438,128.365,0.3638,call
ABNB,ABNB251226C00119000,119.0,0.03561643835616438,128.365,0.3554,call
ABNB,ABNB251226P00108000,108.0,0.03561643835616438,128.365,,put
ABNB,ABNB251219P00150000,150.0,0.01643835616438356,128.365,,put
ABNB,ABNB251226P00085000,85.0,0.03561643835616438,128.365,,put
ABNB,ABNB251226C00137000,137.0,0.03561643835616438,128.365,,call
ABNB,ABNB251226C00180000,180.0,0.03561643835616438,128.365,,call
ABNB,ABNB251219P00124000,124.0,0.01643835616438356,128.365,0.3124,put
ABNB,ABNB251226C00170000,170.0,0.03561643835616438,128.365,,call
ABNB,ABNB251226P00112000,112.0,0.03561643835616438,128.365,,put
ABNB,ABNB251226C00160000,160.0,0.03561643835616438,128.365,,call
ABNB,ABNB251226P00080000,80.0,0.03561643835616438,128.365,,put
ABNB,ABNB251226C00090000,90.0,0.03561643835616438,128.365,,call
ABNB,ABNB251219P00133000,133.0,0.01643835616438356,128.365,0.2327,put
ABNB,ABNB251226C00126000,126.0,0.03561643835616438,128.365,0.3038,call
ABNB,ABNB251226C00113000,113.0,0.03561643835616438,128.365,0.6404,call
ABNB,ABNB251226C00095000,95.0,0.03561643835616438,128.365,1.0713,call
ABNB,ABNB251226P00109000,109.0,0.03561643835616438,128.365,,put
ABNB,ABNB251226C00127000,127.0,0.03561643835616438,128.365,0.2691,call
ABNB,ABNB251219P00128000,128.0,0.01643835616438356,128.365,0.2857,put
ABNB,ABNB251219P00165000,165.0,0.01643835616438356,128.365,,put
ABNB,ABNB251226P00075000,75.0,0.03561643835616438,128.365,,put
ABNB,ABNB251226C00139000,139.0,0.03561643835616438,128.365,,call
ABNB,ABNB251226C00075000,75.0,0.03561643835616438,128.365,,call
ABNB,ABNB251226C00107000,107.0,0.03561643835616438,128.365,0.858,call
ABNB,ABNB251219P00139000,139.0,0.01643835616438356,128.365,,put
ABNB,ABNB251219P00130000,130.0,0.01643835616438356,128.365,0.2653,put
ABNB,ABNB251219P00170000,170.0,0.01643835616438356,128.365,,put
ABNB,ABNB251226C00114000,114.0,0.03561643835616438,128.365,0.5433,call
ABNB,ABNB251226P00103000,103.0,0.03561643835616438,128.365,,put
ABNB,ABNB251219P00134000,134.0,0.01643835616438356,128.365,,put
ABNB,ABNB251219P00185000,185.0,0.01643835616438356,128.365,,put
ABNB,ABNB251226C00080000,80.0,0.03561643835616438,128.365,,call
ABNB,ABNB251219P00140000,140.0,0.01643835616438356,128.365,,put
ABNB,ABNB251226C00105000,105.0,0.03561643835616438,128.365,0.7605,call
ABNB,ABNB251226C00116000,116.0,0.03561643835616438,128.365,0.4879,call
ABNB,ABNB251219P00136000,136.0,0.01643835616438356,128.365,,put
ABNB,ABNB251226C00106000,106.0,0.03561643835616438,128.365,0.7839,call
ABNB,ABNB251226C00150000,150.0,0.03561643835616438,128.365,,call
ABNB,ABNB251226C00140000,140.0,0.03561643835616438,128.365,,call
ABNB,ABNB251226C00123000,123.0,0.03561643835616438,128.365,0.2588,call
ABNB,ABNB251219P00125000,125.0,0.01643835616438356,128.365,0.3115,put
ABNB,ABNB251226P00107000,107.0,0.03561643835616438,128.365,,put
ABNB,ABNB251226C00175000,175.0,0.03561643835616438,128.365,,call
ABNB,ABNB251226P00111000,111.0,0.03561643835616438,128.365,,put
ABNB,ABNB251219P00123000,123.0,0.01643835616438356,128.365,0.3063,put
ABNB,ABNB251226C00115000,115.0,0.03561643835616438,128.365,0.4938,call
ABNB,ABNB251226C00103000,103.0,0.03561643835616438,128.365,0.5317,call
ABNB,ABNB251226C00129000,129.0,0.03561643835616438,128.365,0.2621,call
ABNB,ABNB251226P00104000,104.0,0.03561643835616438,128.365,,put
ABNB,ABNB251226C00100000,100.0,0.03561643835616438,128.365,0.9398,call
ABNB,ABNB251226P00110000,110.0,0.03561643835616438,128.365,0.4984,put
ABNB,ABNB251219P00137000,137.0,0.01643835616438356,128.365,,put
ABNB,ABNB251226C00109000,109.0,0.03561643835616438,128.365,0.7363,call
ABNB,ABNB260102C00125000,125.0,0.0547945205479452,128.365,0.2757,call
ABNB,ABNB260102C00127000,127.0,0.0547945205479452,128.365,0.2755,call
ABNB,ABNB251226P00180000,180.0,0.03561643835616438,128.365,,put
ABNB,ABNB260102C00180000,180.0,0.0547945205479452,128.365,,call
ABNB,ABNB260102C00107000,107.0,0.0547945205479452,128.365,0.6491,call
ABNB,ABNB260102C00165000,165.0,0.0547945205479452,128.365,,call
ABNB,ABNB260102C00115000,115.0,0.0547945205479452,128.365,0.4887,call
ABNB,ABNB260102C00150000,150.0,0.0547945205479452,128.365,,call
ABNB,ABNB260102P00085000,85.0,0.0547945205479452,128.365,,put
ABNB,ABNB260102C00145000,145.0,0.0547945205479452,128.365,,call
ABNB,ABNB260102C00122000,122.0,0.0547945205479452,128.365,0.3168,call
ABNB,ABNB260102C00170000,170.0,0.0547945205479452,128.365,,call
ABNB,ABNB260102C00104000,104.0,0.0547945205479452,128.365,,call
ABNB,ABNB251226P00123000,123.0,0.03561643835616438,128.365,0.2625,put
ABNB,ABNB260102C00119000,119.0,0.0547945205479452,128.365,0.3149,call
ABNB,ABNB251226P00121000,121.0,0.03561643835616438,128.365,,put
ABNB,ABNB260102C00117000,117.0,0.0547945205479452,128.365,0.4038,call
ABNB,ABNB260102C00103000,103.0,0.0547945205479452,128.365,0.5949,call
ABNB,ABNB260102C00135000,135.0,0.0547945205479452,128.365,0.2498,call
ABNB,ABNB260102C00133000,133.0,0.0547945205479452,128.365,0.252,call
ABNB,ABNB251226P00116000,116.0,0.03561643835616438,128.365,,put
ABNB,ABNB260102C00136000,136.0,0.0547945205479452,128.365,0.2528,call
ABNB,ABNB260102C00080000,80.0,0.0547945205479452,128.365,,call
ABNB,ABNB260102C00137000,137.0,0.0547945205479452,128.365,,call
ABNB,ABNB260102C00085000,85.0,0.0547945205479452,128.365,,call
ABNB,ABNB260102C00139000,139.0,0.0547945205479452,128.365,0.2781,call
ABNB,ABNB260102C00138000,138.0,0.0547945205479452,128.365,,call
ABNB,ABNB251226P00165000,165.0,0.03561643835616438,128.365,0.685,put
ABNB,ABNB260102C00124000,124.0,0.0547945205479452,128.365,0.2862,call
ABNB,ABNB251226P00122000,122.0,0.03561643835616438,128.365,,put
ABNB,ABNB260102C00155000,155.0,0.0547945205479452,128.365,,call
ABNB,ABNB260102C00175000,175.0,0.0547945205479452,128.365,,call
ABNB,ABNB251226P00128000,128.0,0.03561643835616438,128.365,0.2497,put
ABNB,ABNB251226P00139000,139.0,0.03561643835616438,128.365,,put
ABNB,ABNB260102C00118000,118.0,0.0547945205479452,128.365,0.4426,call
ABNB,ABNB251226P00138000,138.0,0.03561643835616438,128.365,,put
ABNB,ABNB260102C00106000,106.0,0.0547945205479452,128.365,0.7068,call
ABNB,ABNB260102C00114000,114.0,0.0547945205479452,128.365,0.429,call
ABNB,ABNB251226P00129000,129.0,0.03561643835616438,128.365,0.2416,put
ABNB,ABNB251226P00114000,114.0,0.03561643835616438,128.365,,put
ABNB,ABNB251226P00124000,124.0,0.03561643835616438,128.365,0.253,put
ABNB,ABNB260102C00141000,141.0,0.0547945205479452,128.365,,call
ABNB,ABNB251226P00118000,118.0,0.03561643835616438,128.365,,put
ABNB,ABNB251226P00120000,120.0,0.03561643835616438,128.365,,put
ABNB,ABNB260102P00095000,95.0,0.0547945205479452,128.365,,put
ABNB,ABNB251226P00133000,133.0,0.03561643835616438,128.365,0.2605,put
ABNB,ABNB260102P00105000,105.0,0.0547945205479452,128.365,,put
ABNB,ABNB251226P00155000,155.0,0.03561643835616438,128.365,0.5218,put
ABNB,ABNB260102C00112000,112.0,0.0547945205479452,128.365,0.5441,call
ABNB,ABNB251226P00136000,136.0,0.03561643835616438,128.365,,put
ABNB,ABNB251226P00126000,126.0,0.03561643835616438,128.365,0.2524,put
ABNB,ABNB260102C00109000,109.0,0.0547945205479452,128.365,0.4432,call
ABNB,ABNB260102C00160000,160.0,0.0547945205479452,128.365,,call
ABNB,ABNB251226P00117000,117.0,0.03561643835616438,128.365,,put
ABNB,ABNB251226P00119000,119.0,0.03561643835616438,128.365,0.2763,put
ABNB,ABNB251226P00150000,150.0,0.03561643835616438,128.365,,put
ABNB,ABNB260102P00090000,90.0,0.0547945205479452,128.365,,put
ABNB,ABNB260102P00104000,104.0,0.0547945205479452,128.365,,put
ABNB,ABNB260102C00075000,75.0,0.0547945205479452,128.365,,call
ABNB,ABNB251226P00170000,170.0,0.03561643835616438,128.365,,put
ABNB,ABNB260102C00121000,121.0,0.0547945205479452,128.365,0.2948,call
ABNB,ABNB260102C00140000,140.0,0.0547945205479452,128.365,,call
ABNB,ABNB260102C00126000,126.0,0.0547945205479452,128.365,0.29,call
ABNB,ABNB260102C00116000,116.0,0.0547945205479452,128.365,0.451,call
ABNB,ABNB251226P00135000,135.0,0.03561643835616438,128.365,0.1873,put
ABNB,ABNB251226P00140000,140.0,0.03561643835616438,128.365,,put
ABNB,ABNB260102C00134000,134.0,0.0547945205479452,128.365,0.2528,call
ABNB,ABNB251226P00131000,131.0,0.03561643835616438,128.365,0.2054,put
ABNB,ABNB260102P00080000,80.0,0.0547945205479452,128.365,,put
ABNB,ABNB260102P00103000,103.0,0.0547945205479452,128.365,,put
ABNB,ABNB260102C00130000,130.0,0.0547945205479452,128.365,0.2634,call
ABNB,ABNB260102C00129000,129.0,0.0547945205479452,128.365,0.2693,call
ABNB,ABNB260102C00110000,110.0,0.0547945205479452,128.365,0.5465,call
ABNB,ABNB251226P00145000,145.0,0.03561643835616438,128.365,,put
ABNB,ABNB260102C00123000,123.0,0.0547945205479452,128.365,0.3294,call
ABNB,ABNB260102C00120000,120.0,0.0547945205479452,128.365,0.328,call
ABNB,ABNB260102C00131000,131.0,0.0547945205479452,128.365,0.2587,call
ABNB,ABNB260102P00070000,70.0,0.0547945205479452,128.365,,put
ABNB,ABNB260102C00128000,128.0,0.0547945205479452,128.365,0.2736,call
ABNB,ABNB260102C00090000,90.0,0.0547945205479452,128.365,0.6527,call
ABNB,ABNB251226P00160000,160.0,0.03561643835616438,128.365,,put
ABNB,ABNB251226P00141000,141.0,0.03561643835616438,128.365,,put
ABNB,ABNB260102C00108000,108.0,0.0547945205479452,128.365,0.5514,call
ABNB,ABNB251226P00134000,134.0,0.03561643835616438,128.365,0.2344,put
ABNB,ABNB260102C00132000,132.0,0.0547945205479452,128.365,0.2521,call
ABNB,ABNB260102C00105000,105.0,0.0547945205479452,128.365,0.6642,call
ABNB,ABNB260102C00070000,70.0,0.0547945205479452,128.365,,call
ABNB,ABNB251226P00125000,125.0,0.03561643835616438,128.365,0.2538,put
ABNB,ABNB260102C00111000,111.0,0.0547945205479452,128.365,0.5701,call
ABNB,ABNB260102P00075000,75.0,0.0547945205479452,128.365,,put
ABNB,ABNB251226P00137000,137.0,0.03561643835616438,128.365,,put
ABNB,ABNB260102C00100000,100.0,0.0547945205479452,128.365,,call
ABNB,ABNB251226P00132000,132.0,0.03561643835616438,128.365,0.2276,put
ABNB,ABNB260102C00113000,113.0,0.0547945205479452,128.365,0.3898,call
ABNB,ABNB251226P00115000,115.0,0.03561643835616438,128.365,,put
ABNB,ABNB260102P00100000,100.0,0.0547945205479452,128.365,,put
ABNB,ABNB260102C00095000,95.0,0.0547945205479452,128.365,0.9502,call
ABNB,ABNB251226P00130000,130.0,0.03561643835616438,128.365,0.2459,put
ABNB,ABNB251226P00127000,127.0,0.03561643835616438,128.365,0.2467,put
ABNB,ABNB251226P00175000,175.0,0.03561643835616438,128.365,0.7426,put
ABNB,ABNB260109C00126000,126.0,0.07397260273972603,128.365,0.2945,call
ABNB,ABNB260109C00125000,125.0,0.07397260273972603,128.365,0.2766,call
ABNB,ABNB260102P00119000,119.0,0.0547945205479452,128.365,0.2799,put
ABNB,ABNB260102P00170000,170.0,0.0547945205479452,128.365,0.5191,put
ABNB,ABNB260109C00130000,130.0,0.07397260273972603,128.365,0.2736,call
ABNB,ABNB260109C00070000,70.0,0.07397260273972603,128.365,,call
ABNB,ABNB260109C00113000,113.0,0.07397260273972603,128.365,0.4346,call
ABNB,ABNB260109C00170000,170.0,0.07397260273972603,128.365,,call
ABNB,ABNB260109C00090000,90.0,0.07397260273972603,128.365,,call
ABNB,ABNB260109P00085000,85.0,0.07397260273972603,128.365,,put
ABNB,ABNB260109C00140000,140.0,0.07397260273972603,128.365,0.2631,call
ABNB,ABNB260102P00126000,126.0,0.0547945205479452,128.365,0.2581,put
ABNB,ABNB260109C00116000,116.0,0.07397260273972603,128.365,0.398,call
ABNB,ABNB260109C00139000,139.0,0.07397260273972603,128.365,,call
ABNB,ABNB260102P00123000,123.0,0.0547945205479452,128.365,0.2669,put
ABNB,ABNB260102P00113000,113.0,0.0547945205479452,128.365,0.3997,put
ABNB,ABNB260109C00121000,121.0,0.07397260273972603,128.365,0.3225,call
ABNB,ABNB260102P00139000,139.0,0.0547945205479452,128.365,,put
ABNB,ABNB260109C00138000,138.0,0.07397260273972603,128.365,0.2615,call
ABNB,ABNB260109C00145000,145.0,0.07397260273972603,128.365,,call
ABNB,ABNB260109C00134000,134.0,0.07397260273972603,128.365,0.2267,call
ABNB,ABNB260102P00135000,135.0,0.0547945205479452,128.365,0.2582,put
ABNB,ABNB260102P00132000,132.0,0.0547945205479452,128.365,0.2393,put
ABNB,ABNB260102P00141000,141.0,0.0547945205479452,128.365,0.2105,put
ABNB,ABNB260109C00119000,119.0,0.07397260273972603,128.365,0.4019,call
ABNB,ABNB260109C00100000,100.0,0.07397260273972603,128.365,0.3859,call
ABNB,ABNB260109C00075000,75.0,0.07397260273972603,128.365,,call
ABNB,ABNB260102P00116000,116.0,0.0547945205479452,128.365,,put
ABNB,ABNB260109C00137000,137.0,0.07397260273972603,128.365,0.2544,call
ABNB,ABNB260102P00115000,115.0,0.0547945205479452,128.365,,put
ABNB,ABNB260109C00095000,95.0,0.07397260273972603,128.365,0.6037,call
ABNB,ABNB260102P00155000,155.0,0.0547945205479452,128.365,,put
ABNB,ABNB260109C00165000,165.0,0.07397260273972603,128.365,,call
ABNB,ABNB260109C00110000,110.0,0.07397260273972603,128.365,0.4972,call
ABNB,ABNB260102P00129000,129.0,0.0547945205479452,128.365,0.2526,put
ABNB,ABNB260102P00118000,118.0,0.0547945205479452,128.365,,put
ABNB,ABNB260102P00160000,160.0,0.0547945205479452,128.365,,put
ABNB,ABNB260109C00127000,127.0,0.07397260273972603,128.365,0.2837,call
ABNB,ABNB260102P00145000,145.0,0.0547945205479452,128.365,0.3365,put
ABNB,ABNB260109C00122000,122.0,0.07397260273972603,128.365,0.3698,call
ABNB,ABNB260102P00108000,108.0,0.0547945205479452,128.365,,put
ABNB,ABNB260109C00085000,85.0,0.07397260273972603,128.365,0.6744,call
ABNB,ABNB260109C00160000,160.0,0.07397260273972603,128.365,,call
ABNB,ABNB260109C00114000,114.0,0.07397260273972603,128.365,0.4783,call
ABNB,ABNB260109P00075000,75.0,0.07397260273972603,128.365,,put
ABNB,ABNB260102P00122000,122.0,0.0547945205479452,128.365,0.2678,put
ABNB,ABNB260102P00114000,114.0,0.0547945205479452,128.365,,put
ABNB,ABNB260109C00080000,80.0,0.07397260273972603,128.365,,call
ABNB,ABNB260109C00115000,115.0,0.07397260273972603,128.365,0.4116,call
ABNB,ABNB260102P00127000,127.0,0.0547945205479452,128.365,0.2542,put
ABNB,ABNB260102P00165000,165.0,0.0547945205479452,128.365,,put
ABNB,ABNB260102P00150000,150.0,0.0547945205479452,128.365,0.3711,put
ABNB,ABNB260109C00135000,135.0,0.07397260273972603,128.365,0.2673,call
ABNB,ABNB260102P00120000,120.0,0.0547945205479452,128.365,,put
ABNB,ABNB260102P00121000,121.0,0.0547945205479452,128.365,0.2453,put
ABNB,ABNB260109C00109000,109.0,0.07397260273972603,128.365,0.5478,call
ABNB,ABNB260109C00155000,155.0,0.07397260273972603,128.365,,call
ABNB,ABNB260109C00106000,106.0,0.07397260273972603,128.365,0.5988,call
ABNB,ABNB260109C00129000,129.0,0.07397260273972603,128.365,0.2805,call
ABNB,ABNB260109P00080000,80.0,0.07397260273972603,128.365,,put
ABNB,ABNB260109C00118000,118.0,0.07397260273972603,128.365,0.3918,call
ABNB,ABNB260109C00150000,150.0,0.07397260273972603,128.365,,call
ABNB,ABNB260102P00137000,137.0,0.0547945205479452,128.365,0.2552,put
ABNB,ABNB260102P00110000,110.0,0.0547945205479452,128.365,,put
ABNB,ABNB260102P00134000,134.0,0.0547945205479452,128.365,0.225,put
ABNB,ABNB260109C00105000,105.0,0.07397260273972603,128.365,0.6274,call
ABNB,ABNB260102P00133000,133.0,0.0547945205479452,128.365,0.2509,put
ABNB,ABNB260109C00133000,133.0,0.07397260273972603,128.365,0.271,call
ABNB,ABNB260102P00136000,136.0,0.0547945205479452,128.365,0.2202,put
ABNB,ABNB260109C00175000,175.0,0.07397260273972603,128.365,,call
ABNB,ABNB260102P00109000,109.0,0.0547945205479452,128.365,,put
ABNB,ABNB260109C00120000,120.0,0.07397260273972603,128.365,0.3165,call
ABNB,ABNB260109C00108000,108.0,0.07397260273972603,128.365,0.377,call
ABNB,ABNB260109C00104000,104.0,0.07397260273972603,128.365,0.699,call
ABNB,ABNB260109C00128000,128.0,0.07397260273972603,128.365,0.2891,call
ABNB,ABNB260109C00117000,117.0,0.07397260273972603,128.365,0.4375,call
ABNB,ABNB260102P00107000,107.0,0.0547945205479452,128.365,,put
ABNB,ABNB260102P00131000,131.0,0.0547945205479452,128.365,0.2451,put
ABNB,ABNB260109C00131000,131.0,0.07397260273972603,128.365,0.278,call
ABNB,ABNB260102P00140000,140.0,0.0547945205479452,128.365,0.279,put
ABNB,ABNB260102P00128000,128.0,0.0547945205479452,128.365,0.2529,put
ABNB,ABNB260102P00112000,112.0,0.0547945205479452,128.365,0.3666,put
ABNB,ABNB260102P00111000,111.0,0.0547945205479452,128.365,,put
ABNB,ABNB260109C00112000,112.0,0.07397260273972603,128.365,0.4346,call
ABNB,ABNB260102P00175000,175.0,0.0547945205479452,128.365,0.624,put
ABNB,ABNB260109P00070000,70.0,0.07397260273972603,128.365,,put
ABNB,ABNB260102P00138000,138.0,0.0547945205479452,128.365,,put
ABNB,ABNB260102P00180000,180.0,0.0547945205479452,128.365,0.7898,put
ABNB,ABNB260109C00111000,111.0,0.07397260273972603,128.365,0.5165,call
ABNB,ABNB260109C00123000,123.0,0.07397260273972603,128.365,0.3224,call
ABNB,ABNB260102P00117000,117.0,0.0547945205479452,128.365,,put
ABNB,ABNB260109C00124000,124.0,0.07397260273972603,128.365,0.299,call
ABNB,ABNB260102P00125000,125.0,0.0547945205479452,128.365,0.2615,put
ABNB,ABNB260109P00090000,90.0,0.07397260273972603,128.365,,put
ABNB,ABNB260102P00124000,124.0,0.0547945205479452,128.365,0.2625,put
ABNB,ABNB260102P00130000,130.0,0.0547945205479452,128.365,0.2484,put
ABNB,ABNB260109C00132000,132.0,0.07397260273972603,128.365,0.2754,call
ABNB,ABNB260102P00106000,106.0,0.0547945205479452,128.365,,put
ABNB,ABNB260109C00136000,136.0,0.07397260273972603,128.365,0.2623,call
ABNB,ABNB260109C00107000,107.0,0.07397260273972603,128.365,0.5551,call
ABNB,ABNB260109P00114000,114.0,0.07397260273972603,128.365,,put
ABNB,ABNB260116P00125000,125.0,0.09315068493150686,128.365,0.2814,put
ABNB,ABNB260109P00120000,120.0,0.07397260273972603,128.365,0.2455,put
ABNB,ABNB260116C00120000,120.0,0.09315068493150686,128.365,0.3066,call
ABNB,ABNB260116P00140000,140.0,0.09315068493150686,128.365,0.1634,put
ABNB,ABNB260109P00160000,160.0,0.07397260273972603,128.365,,put
ABNB,ABNB260109P00130000,130.0,0.07397260273972603,128.365,0.2653,put
ABNB,ABNB260109P00175000,175.0,0.07397260273972603,128.365,,put
ABNB,ABNB260116C00210000,210.0,0.09315068493150686,128.365,,call
ABNB,ABNB260116C00155000,155.0,0.09315068493150686,128.365,,call
ABNB,ABNB260116C00180000,180.0,0.09315068493150686,128.365,,call
ABNB,ABNB260116P00085000,85.0,0.09315068493150686,128.365,,put
ABNB,ABNB260116C00130000,130.0,0.09315068493150686,128.365,0.2821,call
ABNB,ABNB260116C00195000,195.0,0.09315068493150686,128.365,,call
ABNB,ABNB260109P00124000,124.0,0.07397260273972603,128.365,0.2757,put
ABNB,ABNB260116C00140000,140.0,0.09315068493150686,128.365,0.2725,call
ABNB,ABNB260109P00134000,134.0,0.07397260273972603,128.365,0.2587,put
ABNB,ABNB260116C00100000,100.0,0.09315068493150686,128.365,0.4233,call
ABNB,ABNB260116P00115000,115.0,0.09315068493150686,128.365,0.3222,put
ABNB,ABNB260109P00112000,112.0,0.07397260273972603,128.365,,put
ABNB,ABNB260116C00095000,95.0,0.09315068493150686,128.365,0.5797,call
ABNB,ABNB260116P00090000,90.0,0.09315068493150686,128.365,0.6126,put
ABNB,ABNB260116C00065000,65.0,0.09315068493150686,128.365,,call
ABNB,ABNB260109P00150000,150.0,0.07397260273972603,128.365,,put
ABNB,ABNB260116P00065000,65.0,0.09315068493150686,128.365,,put
ABNB,ABNB260109P00106000,106.0,0.07397260273972603,128.365,0.3987,put
ABNB,ABNB260109P00140000,140.0,0.07397260273972603,128.365,0.1678,put
ABNB,ABNB260116P00130000,130.0,0.09315068493150686,128.365,0.2669,put
ABNB,ABNB260116P00135000,135.0,0.09315068493150686,128.365,0.2414,put
ABNB,ABNB260109P00122000,122.0,0.07397260273972603,128.365,0.2833,put
ABNB,ABNB260116C00085000,85.0,0.09315068493150686,128.365,0.7235,call
ABNB,ABNB260116C00075000,75.0,0.09315068493150686,128.365,,call
ABNB,ABNB260109P00095000,95.0,0.07397260273972603,128.365,,put
ABNB,ABNB260109P00145000,145.0,0.07397260273972603,128.365,0.2662,put
ABNB,ABNB260109P00170000,170.0,0.07397260273972603,128.365,0.5861,put
ABNB,ABNB260116C00175000,175.0,0.09315068493150686,128.365,,call
ABNB,ABNB260109P00107000,107.0,0.07397260273972603,128.365,,put
ABNB,ABNB260109P00155000,155.0,0.07397260273972603,128.365,,put
ABNB,ABNB260116C00070000,70.0,0.09315068493150686,128.365,,call
ABNB,ABNB260109P00139000,139.0,0.07397260273972603,128.365,0.1175,put
ABNB,ABNB260109P00128000,128.0,0.07397260273972603,128.365,0.3248,put
ABNB,ABNB260116C00055000,55.0,0.09315068493150686,128.365,,call
ABNB,ABNB260116C00060000,60.0,0.09315068493150686,128.365,,call
ABNB,ABNB260116C00160000,160.0,0.09315068493150686,128.365,,call
ABNB,ABNB260116C00125000,125.0,0.09315068493150686,128.365,0.3091,call
ABNB,ABNB260116C00135000,135.0,0.09315068493150686,128.365,0.2743,call
ABNB,ABNB260109P00109000,109.0,0.07397260273972603,128.365,,put
ABNB,ABNB260109P00113000,113.0,0.07397260273972603,128.365,,put
ABNB,ABNB260109P00123000,123.0,0.07397260273972603,128.365,0.2804,put
ABNB,ABNB260116C00185000,185.0,0.09315068493150686,128.365,0.6237,call
ABNB,ABNB260116P00120000,120.0,0.09315068493150686,128.365,0.2944,put
ABNB,ABNB260109P00165000,165.0,0.07397260273972603,128.365,0.6346,put
ABNB,ABNB260116C00110000,110.0,0.09315068493150686,128.365,0.3471,call
ABNB,ABNB260109P00105000,105.0,0.07397260273972603,128.365,0.3957,put
ABNB,ABNB260109P00100000,100.0,0.07397260273972603,128.365,,put
ABNB,ABNB260109P00135000,135.0,0.07397260273972603,128.365,0.2363,put
ABNB,ABNB260116C00115000,115.0,0.09315068493150686,128.365,0.3039,call
ABNB,ABNB260109P00126000,126.0,0.07397260273972603,128.365,0.2757,put
ABNB,ABNB260116P00055000,55.0,0.09315068493150686,128.365,,put
ABNB,ABNB260116C00150000,150.0,0.09315068493150686,128.365,0.2845,call
ABNB,ABNB260116C00220000,220.0,0.09315068493150686,128.365,,call
ABNB,ABNB260109P00115000,115.0,0.07397260273972603,128.365,,put
ABNB,ABNB260116P00105000,105.0,0.09315068493150686,128.365,0.4022,put
ABNB,ABNB260116C00250000,250.0,0.09315068493150686,128.365,,call
ABNB,ABNB260109P00104000,104.0,0.07397260273972603,128.365,,put
ABNB,ABNB260109P00129000,129.0,0.07397260273972603,128.365,0.2634,put
ABNB,ABNB260109P00121000,121.0,0.07397260273972603,128.365,0.2871,put
ABNB,ABNB260109P00125000,125.0,0.07397260273972603,128.365,0.2743,put
ABNB,ABNB260109P00133000,133.0,0.07397260273972603,128.365,0.2389,put
ABNB,ABNB260109P00117000,117.0,0.07397260273972603,128.365,,put
ABNB,ABNB260109P00136000,136.0,0.07397260273972603,128.365,0.2552,put
ABNB,ABNB260109P00127000,127.0,0.07397260273972603,128.365,0.3105,put
ABNB,ABNB260109P00111000,111.0,0.07397260273972603,128.365,,put
ABNB,ABNB260116C00080000,80.0,0.09315068493150686,128.365,0.9784,call
ABNB,ABNB260116P00095000,95.0,0.09315068493150686,128.365,,put
ABNB,ABNB260116C00145000,145.0,0.09315068493150686,128.365,0.2619,call
ABNB,ABNB260109P00118000,118.0,0.07397260273972603,128.365,0.2975,put
ABNB,ABNB260109P00138000,138.0,0.07397260273972603,128.365,0.129,put
ABNB,ABNB260109P00119000,119.0,0.07397260273972603,128.365,0.2961,put
ABNB,ABNB260116C00105000,105.0,0.09315068493150686,128.365,0.4986,call
ABNB,ABNB260116P00110000,110.0,0.09315068493150686,128.365,0.3662,put
ABNB,ABNB260116C00165000,165.0,0.09315068493150686,128.365,,call
ABNB,ABNB260116P00060000,60.0,0.09315068493150686,128.365,,put
ABNB,ABNB260116P00075000,75.0,0.09315068493150686,128.365,,put
ABNB,ABNB260109P00131000,131.0,0.07397260273972603,128.365,0.3217,put
ABNB,ABNB260109P00116000,116.0,0.07397260273972603,128.365,,put
ABNB,ABNB260109P00108000,108.0,0.07397260273972603,128.365,,put
ABNB,ABNB260116C00200000,200.0,0.09315068493150686,128.365,,call
ABNB,ABNB260116P00070000,70.0,0.09315068493150686,128.365,,put
ABNB,ABNB260109P00132000,132.0,0.07397260273972603,128.365,0.3115,put
ABNB,ABNB260116C00170000,170.0,0.09315068493150686,128.365,,call
ABNB,ABNB260116C00190000,190.0,0.09315068493150686,128.365,0.5185,call
ABNB,ABNB260116P00145000,145.0,0.09315068493150686,128.365,,put
ABNB,ABNB260116C00240000,240.0,0.09315068493150686,128.365,,call
ABNB,ABNB260116C00090000,90.0,0.09315068493150686,128.365,,call
ABNB,ABNB260109P00137000,137.0,0.07397260273972603,128.365,0.2089,put
ABNB,ABNB260116C00230000,230.0,0.09315068493150686,128.365,,call
ABNB,ABNB260116P00100000,100.0,0.09315068493150686,128.365,0.4773,put
ABNB,ABNB260109P00110000,110.0,0.07397260273972603,128.365,,put
ABNB,ABNB260116P00080000,80.0,0.09315068493150686,128.365,,put
ABNB,ABNB260123P00090000,90.0,0.11232876712328767,128.365,,put
ABNB,ABNB260123P00107000,107.0,0.11232876712328767,128.365,,put
ABNB,ABNB260123C00117000,117.0,0.11232876712328767,128.365,0.3229,call
ABNB,ABNB260123P00100000,100.0,0.11232876712328767,128.365,,put
ABNB,ABNB260123C00100000,100.0,0.11232876712328767,128.365,0.3479,call
ABNB,ABNB260123C00128000,128.0,0.11232876712328767,128.365,0.2999,call
ABNB,ABNB260123C00133000,133.0,0.11232876712328767,128.365,0.2844,call
ABNB,ABNB260123C00119000,119.0,0.11232876712328767,128.365,0.3145,call
ABNB,ABNB260123C00080000,80.0,0.11232876712328767,128.365,0.6839,call
ABNB,ABNB260123P00110000,110.0,0.11232876712328767,128.365,,put
ABNB,ABNB260123C00090000,90.0,0.11232876712328767,128.365,0.5465,call
ABNB,ABNB260123P00116000,116.0,0.11232876712328767,128.365,0.3004,put
ABNB,ABNB260116P00155000,155.0,0.09315068493150686,128.365,,put
ABNB,ABNB260116P00170000,170.0,0.09315068493150686,128.365,0.4158,put
ABNB,ABNB260123P00117000,117.0,0.11232876712328767,128.365,0.303,put
ABNB,ABNB260123C00085000,85.0,0.11232876712328767,128.365,0.7379,call
ABNB,ABNB260116P00230000,230.0,0.09315068493150686,128.365,,put
ABNB,ABNB260123P00128000,128.0,0.11232876712328767,128.365,0.2698,put
ABNB,ABNB260123C00110000,110.0,0.11232876712328767,128.365,0.4799,call
ABNB,ABNB260123C00130000,130.0,0.11232876712328767,128.365,0.2855,call
ABNB,ABNB260123C00160000,160.0,0.11232876712328767,128.365,,call
ABNB,ABNB260123C00114000,114.0,0.11232876712328767,128.365,0.3966,call
ABNB,ABNB260116P00185000,185.0,0.09315068493150686,128.365,0.5841,put
ABNB,ABNB260123C00136000,136.0,0.11232876712328767,128.365,0.2777,call
ABNB,ABNB260123C00165000,165.0,0.11232876712328767,128.365,,call
ABNB,ABNB260123C00116000,116.0,0.11232876712328767,128.365,0.399,call
ABNB,ABNB260123C00126000,126.0,0.11232876712328767,128.365,0.2916,call
ABNB,ABNB260116P00200000,200.0,0.09315068493150686,128.365,0.679,put
ABNB,ABNB260123P00126000,126.0,0.11232876712328767,128.365,0.2672,put
ABNB,ABNB260123P00115000,115.0,0.11232876712328767,128.365,0.2935,put
ABNB,ABNB260123P00070000,70.0,0.11232876712328767,128.365,,put
ABNB,ABNB260123P00127000,127.0,0.11232876712328767,128.365,0.267,put
ABNB,ABNB260123C00115000,115.0,0.11232876712328767,128.365,0.3979,call
ABNB,ABNB260123C00113000,113.0,0.11232876712328767,128.365,0.339,call
ABNB,ABNB260123C00137000,137.0,0.11232876712328767,128.365,0.3053,call
ABNB,ABNB260123C00134000,134.0,0.11232876712328767,128.365,0.2871,call
ABNB,ABNB260123C00095000,95.0,0.11232876712328767,128.365,0.3877,call
ABNB,ABNB260123P00122000,122.0,0.11232876712328767,128.365,0.2888,put
ABNB,ABNB260123C00175000,175.0,0.11232876712328767,128.365,,call
ABNB,ABNB260116P00180000,180.0,0.09315068493150686,128.365,0.7132,put
ABNB,ABNB260123C00124000,124.0,0.11232876712328767,128.365,0.3329,call
ABNB,ABNB260123P00075000,75.0,0.11232876712328767,128.365,,put
ABNB,ABNB260116P00195000,195.0,0.09315068493150686,128.365,0.7186,put
ABNB,ABNB260123C00138000,138.0,0.11232876712328767,128.365,0.2772,call
ABNB,ABNB260123P00130000,130.0,0.11232876712328767,128.365,0.2639,put
ABNB,ABNB260123P00120000,120.0,0.11232876712328767,128.365,0.2774,put
ABNB,ABNB260116P00160000,160.0,0.09315068493150686,128.365,0.4123,put
ABNB,ABNB260116P00240000,240.0,0.09315068493150686,128.365,,put
ABNB,ABNB260123P00111000,111.0,0.11232876712328767,128.365,0.3147,put
ABNB,ABNB260123P00113000,113.0,0.11232876712328767,128.365,0.3477,put
ABNB,ABNB260116P00175000,175.0,0.09315068493150686,128.365,0.7253,put
ABNB,ABNB260123C00122000,122.0,0.11232876712328767,128.365,0.3084,call
ABNB,ABNB260116P00150000,150.0,0.09315068493150686,128.365,,put
ABNB,ABNB260123C00106000,106.0,0.11232876712328767,128.365,0.4345,call
ABNB,ABNB260123P00131000,131.0,0.11232876712328767,128.365,0.2523,put
ABNB,ABNB260123P00119000,119.0,0.11232876712328767,128.365,0.2881,put
ABNB,ABNB260123C00120000,120.0,0.11232876712328767,128.365,0.3206,call
ABNB,ABNB260123C00170000,170.0,0.11232876712328767,128.365,,call
ABNB,ABNB260123C00140000,140.0,0.11232876712328767,128.365,0.293,call
ABNB,ABNB260123P00108000,108.0,0.11232876712328767,128.365,0.4706,put
ABNB,ABNB260123C00155000,155.0,0.11232876712328767,128.365,,call
ABNB,ABNB260123C00145000,145.0,0.11232876712328767,128.365,0.2811,call
ABNB,ABNB260123P00118000,118.0,0.11232876712328767,128.365,0.3433,put
ABNB,ABNB260123C00129000,129.0,0.11232876712328767,128.365,0.2955,call
ABNB,ABNB260123P00124000,124.0,0.11232876712328767,128.365,0.281,put
ABNB,ABNB260123C00123000,123.0,0.11232876712328767,128.365,0.3027,call
ABNB,ABNB260123C00125000,125.0,0.11232876712328767,128.365,0.3085,call
ABNB,ABNB260123P00129000,129.0,0.11232876712328767,128.365,0.2608,put
ABNB,ABNB260123P00085000,85.0,0.11232876712328767,128.365,,put
ABNB,ABNB260123P00114000,114.0,0.11232876712328767,128.365,0.2983,put
ABNB,ABNB260116P00190000,190.0,0.09315068493150686,128.365,0.7683,put
ABNB,ABNB260123P00112000,112.0,0.11232876712328767,128.365,,put
ABNB,ABNB260123P00125000,125.0,0.11232876712328767,128.365,0.2718,put
ABNB,ABNB260116P00220000,220.0,0.09315068493150686,128.365,0.7636,put
ABNB,ABNB260116P00210000,210.0,0.09315068493150686,128.365,0.8881,put
ABNB,ABNB260116P00165000,165.0,0.09315068493150686,128.365,,put
ABNB,ABNB260123C00118000,118.0,0.11232876712328767,128.365,0.3137,call
ABNB,ABNB260123P00121000,121.0,0.11232876712328767,128.365,0.284,put
ABNB,ABNB260123C00150000,150.0,0.11232876712328767,128.365,0.2932,call
ABNB,ABNB260123C00132000,132.0,0.11232876712328767,128.365,0.2963,call
ABNB,ABNB260123P00080000,80.0,0.11232876712328767,128.365,,put
ABNB,ABNB260123C00139000,139.0,0.11232876712328767,128.365,0.28,call
ABNB,ABNB260123P00105000,105.0,0.11232876712328767,128.365,,put
ABNB,ABNB260123C00131000,131.0,0.11232876712328767,128.365,0.2848,call
ABNB,ABNB260116P00250000,250.0,0.09315068493150686,128.365,,put
ABNB,ABNB260123C00105000,105.0,0.11232876712328767,128.365,0.4788,call
ABNB,ABNB260123P00123000,123.0,0.11232876712328767,128.365,0.2854,put
ABNB,ABNB260123C00111000,111.0,0.11232876712328767,128.365,0.433,call
ABNB,ABNB260123P00106000,106.0,0.11232876712328767,128.365,,put
ABNB,ABNB260123C00108000,108.0,0.11232876712328767,128.365,0.4557,call
ABNB,ABNB260123C00109000,109.0,0.11232876712328767,128.365,0.4902,call
ABNB,ABNB260123C00075000,75.0,0.11232876712328767,128.365,,call
ABNB,ABNB260123C00127000,127.0,0.11232876712328767,128.365,0.309,call
ABNB,ABNB260123C00107000,107.0,0.11232876712328767,128.365,0.4768,call
ABNB,ABNB260123C00070000,70.0,0.11232876712328767,128.365,,call
ABNB,ABNB260123P00109000,109.0,0.11232876712328767,128.365,,put
ABNB,ABNB260123C00121000,121.0,0.11232876712328767,128.365,0.3022,call
ABNB,ABNB260123C00112000,112.0,0.11232876712328767,128.365,0.392,call
ABNB,ABNB260123P00095000,95.0,0.11232876712328767,128.365,,put
ABNB,ABNB260123C00135000,135.0,0.11232876712328767,128.365,0.2758,call
ABNB,ABNB260130P00145000,145.0,0.13150684931506848,128.365,,put
ABNB,ABNB260123P00155000,155.0,0.11232876712328767,128.365,0.3888,put
ABNB,ABNB260130P00131000,131.0,0.13150684931506848,128.365,0.252,put
ABNB,ABNB260130C00119000,119.0,0.13150684931506848,128.365,0.362,call
ABNB,ABNB260130C00100000,100.0,0.13150684931506848,128.365,0.5972,call
ABNB,ABNB260130P00128000,128.0,0.13150684931506848,128.365,0.2797,put
ABNB,ABNB260123P00134000,134.0,0.11232876712328767,128.365,0.2614,put
ABNB,ABNB260130C00122000,122.0,0.13150684931506848,128.365,0.3567,call
ABNB,ABNB260130C00095000,95.0,0.13150684931506848,128.365,0.474,call
ABNB,ABNB260130P00105000,105.0,0.13150684931506848,128.365,0.3473,put
ABNB,ABNB260123P00132000,132.0,0.11232876712328767,128.365,0.2576,put
ABNB,ABNB260130P00123000,123.0,0.13150684931506848,128.365,0.3158,put
ABNB,ABNB260130C00133000,133.0,0.13150684931506848,128.365,0.294,call
ABNB,ABNB260130P00127000,127.0,0.13150684931506848,128.365,0.2779,put
ABNB,ABNB260130P00095000,95.0,0.13150684931506848,128.365,,put
ABNB,ABNB260123P00136000,136.0,0.11232876712328767,128.365,0.254,put
ABNB,ABNB260130P00124000,124.0,0.13150684931506848,128.365,0.2759,put
ABNB,ABNB260130P00136000,136.0,0.13150684931506848,128.365,0.2473,put
ABNB,ABNB260130C00121000,121.0,0.13150684931506848,128.365,0.3563,call
ABNB,ABNB260123P00160000,160.0,0.11232876712328767,128.365,0.3278,put
ABNB,ABNB260130C00114000,114.0,0.13150684931506848,128.365,0.3884,call
ABNB,ABNB260130C00117000,117.0,0.13150684931506848,128.365,0.3244,call
ABNB,ABNB260123P00165000,165.0,0.11232876712328767,128.365,0.3286,put
ABNB,ABNB260130P00118000,118.0,0.13150684931506848,128.365,0.3016,put
ABNB,ABNB260130P00137000,137.0,0.13150684931506848,128.365,0.2297,put
ABNB,ABNB260123P00175000,175.0,0.11232876712328767,128.365,0.6767,put
ABNB,ABNB260130P00125000,125.0,0.13150684931506848,128.365,0.2786,put
ABNB,ABNB260123P00137000,137.0,0.11232876712328767,128.365,0.2405,put
ABNB,ABNB260130C00150000,150.0,0.13150684931506848,128.365,0.2812,call
ABNB,ABNB260123P00150000,150.0,0.11232876712328767,128.365,0.3842,put
ABNB,ABNB260130C00090000,90.0,0.13150684931506848,128.365,0.6057,call
ABNB,ABNB260130P00135000,135.0,0.13150684931506848,128.365,0.2551,put
ABNB,ABNB260130P00090000,90.0,0.13150684931506848,128.365,,put
ABNB,ABNB260130C00112000,112.0,0.13150684931506848,128.365,0.356,call
ABNB,ABNB260130C00140000,140.0,0.13150684931506848,128.365,0.2808,call
ABNB,ABNB260130P00115000,115.0,0.13150684931506848,128.365,0.304,put
ABNB,ABNB260130P00122000,122.0,0.13150684931506848,128.365,0.2879,put
ABNB,ABNB260130C00118000,118.0,0.13150684931506848,128.365,0.3523,call
ABNB,ABNB260123P00140000,140.0,0.11232876712328767,128.365,0.2619,put
ABNB,ABNB260130P00120000,120.0,0.13150684931506848,128.365,0.2837,put
ABNB,ABNB260130C00175000,175.0,0.13150684931506848,128.365,,call
ABNB,ABNB260130P00117000,117.0,0.13150684931506848,128.365,0.3143,put
ABNB,ABNB260130C00085000,85.0,0.13150684931506848,128.365,0.789,call
ABNB,ABNB260130P00139000,139.0,0.13150684931506848,128.365,0.198,put
ABNB,ABNB260130P00126000,126.0,0.13150684931506848,128.365,0.2894,put
ABNB,ABNB260130P00140000,140.0,0.13150684931506848,128.365,0.2337,put
ABNB,ABNB260130C00110000,110.0,0.13150684931506848,128.365,0.4029,call
ABNB,ABNB260123P00170000,170.0,0.11232876712328767,128.365,,put
ABNB,ABNB260123P00133000,133.0,0.11232876712328767,128.365,0.2632,put
ABNB,ABNB260130C00120000,120.0,0.13150684931506848,128.365,0.3072,call
ABNB,ABNB260130C00145000,145.0,0.13150684931506848,128.365,0.2873,call
ABNB,ABNB260130C00128000,128.0,0.13150684931506848,128.365,0.2514,call
ABNB,ABNB260130C00134000,134.0,0.13150684931506848,128.365,0.2955,call
ABNB,ABNB260130P00129000,129.0,0.13150684931506848,128.365,0.2642,put
ABNB,ABNB260123P00138000,138.0,0.11232876712328767,128.365,0.2296,put
ABNB,ABNB260130C00160000,160.0,0.13150684931506848,128.365,0.2775,call
ABNB,ABNB260130C00170000,170.0,0.13150684931506848,128.365,,call
ABNB,ABNB260130P00132000,132.0,0.13150684931506848,128.365,0.251,put
ABNB,ABNB260130C00126000,126.0,0.13150684931506848,128.365,0.3016,call
ABNB,ABNB260130C00070000,70.0,0.13150684931506848,128.365,,call
ABNB,ABNB260123P00145000,145.0,0.11232876712328767,128.365,,put
ABNB,ABNB260130P00075000,75.0,0.13150684931506848,128.365,,put
ABNB,ABNB260130P00116000,116.0,0.13150684931506848,128.365,0.3236,put
ABNB,ABNB260130P00138000,138.0,0.13150684931506848,128.365,0.2052,put
ABNB,ABNB260130P00121000,121.0,0.13150684931506848,128.365,0.2821,put
ABNB,ABNB260130C00131000,131.0,0.13150684931506848,128.365,0.2886,call
ABNB,ABNB260130C00080000,80.0,0.13150684931506848,128.365,0.7559,call
ABNB,ABNB260130C00125000,125.0,0.13150684931506848,128.365,0.2641,call
ABNB,ABNB260130P00130000,130.0,0.13150684931506848,128.365,0.247,put
ABNB,ABNB260130C00075000,75.0,0.13150684931506848,128.365,0.8678,call
ABNB,ABNB260130C00136000,136.0,0.13150684931506848,128.365,0.2887,call
ABNB,ABNB260130C00155000,155.0,0.13150684931506848,128.365,0.2868,call
ABNB,ABNB260130C00132000,132.0,0.13150684931506848,128.365,0.2809,call
ABNB,ABNB260130C00124000,124.0,0.13150684931506848,128.365,0.331,call
ABNB,ABNB260130C00105000,105.0,0.13150684931506848,128.365,0.519,call
ABNB,ABNB260130C00137000,137.0,0.13150684931506848,128.365,0.2857,call
ABNB,ABNB260130P00080000,80.0,0.13150684931506848,128.365,,put
ABNB,ABNB260130P00112000,112.0,0.13150684931506848,128.365,0.3924,put
ABNB,ABNB260130P00134000,134.0,0.13150684931506848,128.365,0.2224,put
ABNB,ABNB260130P00114000,114.0,0.13150684931506848,128.365,0.3076,put
ABNB,ABNB260130P00085000,85.0,0.13150684931506848,128.365,,put
ABNB,ABNB260130C00130000,130.0,0.13150684931506848,128.365,0.2531,call
ABNB,ABNB260130C00116000,116.0,0.13150684931506848,128.365,0.3929,call
ABNB,ABNB260130P00100000,100.0,0.13150684931506848,128.365,0.3795,put
ABNB,ABNB260130C00135000,135.0,0.13150684931506848,128.365,0.2323,call
ABNB,ABNB260123P00135000,135.0,0.11232876712328767,128.365,0.2431,put
ABNB,ABNB260130C00138000,138.0,0.13150684931506848,128.365,0.2796,call
ABNB,ABNB260123P00139000,139.0,0.11232876712328767,128.365,0.2483,put
ABNB,ABNB260130C00129000,129.0,0.13150684931506848,128.365,0.2584,call
ABNB,ABNB260130C00139000,139.0,0.13150684931506848,128.365,0.2946,call
ABNB,ABNB260130P00070000,70.0,0.13150684931506848,128.365,,put
ABNB,ABNB260130P00113000,113.0,0.13150684931506848,128.365,0.3247,put
ABNB,ABNB260130C00165000,165.0,0.13150684931506848,128.365,,call
ABNB,ABNB260130P00133000,133.0,0.13150684931506848,128.365,0.2924,put
ABNB,ABNB260130C00113000,113.0,0.13150684931506848,128.365,0.4031,call
ABNB,ABNB260130C00115000,115.0,0.13150684931506848,128.365,0.4052,call
ABNB,ABNB260130C00127000,127.0,0.13150684931506848,128.365,0.2964,call
ABNB,ABNB260130P00110000,110.0,0.13150684931506848,128.365,0.3261,put
ABNB,ABNB260130C00123000,123.0,0.13150684931506848,128.365,0.3276,call
ABNB,ABNB260130P00119000,119.0,0.13150684931506848,128.365,0.2873,put
ABNB,ABNB260220C00070000,70.0,0.18904109589041096,128.365,0.734,call
ABNB,ABNB260220P00110000,110.0,0.18904109589041096,128.365,0.3866,put
ABNB,ABNB260320C00175000,175.0,0.26575342465753427,128.365,0.338,call
ABNB,ABNB260220P00100000,100.0,0.18904109589041096,128.365,0.4259,put
ABNB,ABNB260220P00085000,85.0,0.18904109589041096,128.365,0.479,put
ABNB,ABNB260320C00180000,180.0,0.26575342465753427,128.365,0.3443,call
ABNB,ABNB260220P00150000,150.0,0.18904109589041096,128.365,0.3428,put
ABNB,ABNB260220C00155000,155.0,0.18904109589041096,128.365,0.3024,call
ABNB,ABNB260220C00185000,185.0,0.18904109589041096,128.365,,call
ABNB,ABNB260320C00155000,155.0,0.26575342465753427,128.365,0.3268,call
ABNB,ABNB260220P00155000,155.0,0.18904109589041096,128.365,0.2771,put
ABNB,ABNB260220C00090000,90.0,0.18904109589041096,128.365,0.6617,call
ABNB,ABNB260220C00085000,85.0,0.18904109589041096,128.365,,call
ABNB,ABNB260220C00115000,115.0,0.18904109589041096,128.365,0.3578,call
ABNB,ABNB260220C00110000,110.0,0.18904109589041096,128.365,0.4017,call
ABNB,ABNB260220P00140000,140.0,0.18904109589041096,128.365,0.3294,put
ABNB,ABNB260320C00125000,125.0,0.26575342465753427,128.365,0.3811,call
ABNB,ABNB260220P00105000,105.0,0.18904109589041096,128.365,0.3971,put
ABNB,ABNB260220C00105000,105.0,0.18904109589041096,128.365,0.4851,call
ABNB,ABNB260130P00155000,155.0,0.13150684931506848,128.365,0.283,put
ABNB,ABNB260220P00180000,180.0,0.18904109589041096,128.365,0.504,put
ABNB,ABNB260320C00150000,150.0,0.26575342465753427,128.365,0.3273,call
ABNB,ABNB260320C00120000,120.0,0.26575342465753427,128.365,0.3326,call
ABNB,ABNB260220P00130000,130.0,0.18904109589041096,128.365,0.3342,put
ABNB,ABNB260220C00080000,80.0,0.18904109589041096,128.365,0.6435,call
ABNB,ABNB260130P00165000,165.0,0.13150684931506848,128.365,0.4146,put
ABNB,ABNB260320C00100000,100.0,0.26575342465753427,128.365,0.4207,call
ABNB,ABNB260220C00095000,95.0,0.18904109589041096,128.365,0.5052,call
ABNB,ABNB260220P00070000,70.0,0.18904109589041096,128.365,,put
ABNB,ABNB260320C00210000,210.0,0.26575342465753427,128.365,,call
ABNB,ABNB260320C00110000,110.0,0.26575342465753427,128.365,0.385,call
ABNB,ABNB260220P00120000,120.0,0.18904109589041096,128.365,0.3567,put
ABNB,ABNB260320C00135000,135.0,0.26575342465753427,128.365,0.3412,call
ABNB,ABNB260320C00220000,220.0,0.26575342465753427,128.365,0.4407,call
ABNB,ABNB260320C00130000,130.0,0.26575342465753427,128.365,0.367,call
ABNB,ABNB260320P00090000,90.0,0.26575342465753427,128.365,0.4258,put
ABNB,ABNB260320C00060000,60.0,0.26575342465753427,128.365,0.6586,call
ABNB,ABNB260320C00160000,160.0,0.26575342465753427,128.365,0.3232,call
ABNB,ABNB260320C00065000,65.0,0.26575342465753427,128.365,0.514,call
ABNB,ABNB260320P00075000,75.0,0.26575342465753427,128.365,,put
ABNB,ABNB260220P00185000,185.0,0.18904109589041096,128.365,0.5863,put
ABNB,ABNB260320C00075000,75.0,0.26575342465753427,128.365,0.6481,call
ABNB,ABNB260320P00085000,85.0,0.26575342465753427,128.365,0.4435,put
ABNB,ABNB260320C00070000,70.0,0.26575342465753427,128.365,0.6362,call
ABNB,ABNB260220C00150000,150.0,0.18904109589041096,128.365,0.3397,call
ABNB,ABNB260320C00170000,170.0,0.26575342465753427,128.365,0.3292,call
ABNB,ABNB260220P00115000,115.0,0.18904109589041096,128.365,0.3657,put
ABNB,ABNB260220P00145000,145.0,0.18904109589041096,128.365,0.2784,put
ABNB,ABNB260320P00060000,60.0,0.26575342465753427,128.365,,put
ABNB,ABNB260130P00160000,160.0,0.13150684931506848,128.365,0.3853,put
ABNB,ABNB260220P00125000,125.0,0.18904109589041096,128.365,0.3463,put
ABNB,ABNB260320C00090000,90.0,0.26575342465753427,128.365,0.3806,call
ABNB,ABNB260220P00065000,65.0,0.18904109589041096,128.365,,put
ABNB,ABNB260220C00120000,120.0,0.18904109589041096,128.365,0.4001,call
ABNB,ABNB260220C00075000,75.0,0.18904109589041096,128.365,0.7188,call
ABNB,ABNB260220C00170000,170.0,0.18904109589041096,128.365,0.3691,call
ABNB,ABNB260220C00160000,160.0,0.18904109589041096,128.365,0.3397,call
ABNB,ABNB260220P00075000,75.0,0.18904109589041096,128.365,,put
ABNB,ABNB260220C00100000,100.0,0.18904109589041096,128.365,0.4801,call
ABNB,ABNB260220C00165000,165.0,0.18904109589041096,128.365,0.3446,call
ABNB,ABNB260320C00085000,85.0,0.26575342465753427,128.365,0.4957,call
ABNB,ABNB260220C00125000,125.0,0.18904109589041096,128.365,0.3577,call
ABNB,ABNB260130P00170000,170.0,0.13150684931506848,128.365,0.4748,put
ABNB,ABNB260220C00130000,130.0,0.18904109589041096,128.365,0.3448,call
ABNB,ABNB260320P00080000,80.0,0.26575342465753427,128.365,,put
ABNB,ABNB260320C00200000,200.0,0.26575342465753427,128.365,,call
ABNB,ABNB260320P00100000,100.0,0.26575342465753427,128.365,0.3994,put
ABNB,ABNB260220P00095000,95.0,0.18904109589041096,128.365,0.4263,put
ABNB,ABNB260130P00150000,150.0,0.13150684931506848,128.365,0.3094,put
ABNB,ABNB260220P00175000,175.0,0.18904109589041096,128.365,0.5298,put
ABNB,ABNB260320P00055000,55.0,0.26575342465753427,128.365,,put
ABNB,ABNB260220P00160000,160.0,0.18904109589041096,128.365,0.3621,put
ABNB,ABNB260220C00140000,140.0,0.18904109589041096,128.365,0.3365,call
ABNB,ABNB260320C00240000,240.0,0.26575342465753427,128.365,,call
ABNB,ABNB260220P00165000,165.0,0.18904109589041096,128.365,0.4142,put
ABNB,ABNB260320P00095000,95.0,0.26575342465753427,128.365,0.417,put
ABNB,ABNB260220C00065000,65.0,0.18904109589041096,128.365,0.932,call
ABNB,ABNB260220P00090000,90.0,0.18904109589041096,128.365,,put
ABNB,ABNB260320C00195000,195.0,0.26575342465753427,128.365,,call
ABNB,ABNB260220C00180000,180.0,0.18904109589041096,128.365,0.3947,call
ABNB,ABNB260220P00170000,170.0,0.18904109589041096,128.365,0.4608,put
ABNB,ABNB260320C00145000,145.0,0.26575342465753427,128.365,0.353,call
ABNB,ABNB260320P00065000,65.0,0.26575342465753427,128.365,,put
ABNB,ABNB260320C00165000,165.0,0.26575342465753427,128.365,0.3291,call
ABNB,ABNB260320C00185000,185.0,0.26575342465753427,128.365,0.3345,call
ABNB,ABNB260220C00175000,175.0,0.18904109589041096,128.365,,call
ABNB,ABNB260320C00230000,230.0,0.26575342465753427,128.365,,call
ABNB,ABNB260220P00135000,135.0,0.18904109589041096,128.365,0.3264,put
ABNB,ABNB260130P00175000,175.0,0.13150684931506848,128.365,0.5321,put
ABNB,ABNB260220P00080000,80.0,0.18904109589041096,128.365,,put
ABNB,ABNB260320C00055000,55.0,0.26575342465753427,128.365,,call
ABNB,ABNB260320P00070000,70.0,0.26575342465753427,128.365,,put
ABNB,ABNB260220C00145000,145.0,0.18904109589041096,128.365,0.333,call
ABNB,ABNB260320C00080000,80.0,0.26575342465753427,128.365,,call
ABNB,ABNB260320C00140000,140.0,0.26575342465753427,128.365,0.3387,call
ABNB,ABNB260320C00105000,105.0,0.26575342465753427,128.365,0.4129,call
ABNB,ABNB260320C00115000,115.0,0.26575342465753427,128.365,0.3787,call
ABNB,ABNB260220C00135000,135.0,0.18904109589041096,128.365,0.341,call
ABNB,ABNB260320C00095000,95.0,0.26575342465753427,128.365,0.5059,call
ABNB,ABNB260320C00190000,190.0,0.26575342465753427,128.365,0.3521,call
ABNB,ABNB260417P00130000,130.0,0.3424657534246575,128.365,0.335,put
ABNB,ABNB260417C00095000,95.0,0.3424657534246575,128.365,0.4819,call
ABNB,ABNB260417C00145000,145.0,0.3424657534246575,128.365,0.3193,call
ABNB,ABNB260417P00110000,110.0,0.3424657534246575,128.365,0.3559,put
ABNB,ABNB260320P00165000,165.0,0.26575342465753427,128.365,0.2993,put
ABNB,ABNB260417C00175000,175.0,0.3424657534246575,128.365,0.3237,call
ABNB,ABNB260417C00080000,80.0,0.3424657534246575,128.365,0.6734,call
ABNB,ABNB260320P00210000,210.0,0.26575342465753427,128.365,0.7059,put
ABNB,ABNB260417C00160000,160.0,0.3424657534246575,128.365,0.2991,call
ABNB,ABNB260320P00180000,180.0,0.26575342465753427,128.365,0.5548,put
ABNB,ABNB260320P00135000,135.0,0.26575342465753427,128.365,0.3333,put
ABNB,ABNB260618C00060000,60.0,0.5123287671232877,128.365,0.757,call
ABNB,ABNB260417P00060000,60.0,0.3424657534246575,128.365,,put
ABNB,ABNB260417P00065000,65.0,0.3424657534246575,128.365,,put
ABNB,ABNB260320P00155000,155.0,0.26575342465753427,128.365,0.2929,put
ABNB,ABNB260417P00125000,125.0,0.3424657534246575,128.365,0.3313,put
ABNB,ABNB260618C00155000,155.0,0.5123287671232877,128.365,0.3416,call
ABNB,ABNB260417P00070000,70.0,0.3424657534246575,128.365,0.4904,put
ABNB,ABNB260417C00090000,90.0,0.3424657534246575,128.365,0.4981,call
ABNB,ABNB260320P00120000,120.0,0.26575342465753427,128.365,0.3665,put
ABNB,ABNB260417P00100000,100.0,0.3424657534246575,128.365,0.3753,put
ABNB,ABNB260618C00140000,140.0,0.5123287671232877,128.365,0.3553,call
ABNB,ABNB260618C00105000,105.0,0.5123287671232877,128.365,0.394,call
ABNB,ABNB260417P00090000,90.0,0.3424657534246575,128.365,0.4116,put
ABNB,ABNB260618C00075000,75.0,0.5123287671232877,128.365,0.6303,call
ABNB,ABNB260417P00155000,155.0,0.3424657534246575,128.365,0.3059,put
ABNB,ABNB260618C00070000,70.0,0.5123287671232877,128.365,0.6563,call
ABNB,ABNB260618C00065000,65.0,0.5123287671232877,128.365,0.6302,call
ABNB,ABNB260417P00190000,190.0,0.3424657534246575,128.365,0.522,put
ABNB,ABNB260618C00120000,120.0,0.5123287671232877,128.365,0.3745,call
ABNB,ABNB260320P00190000,190.0,0.26575342465753427,128.365,0.6109,put
ABNB,ABNB260417P00160000,160.0,0.3424657534246575,128.365,0.3244,put
ABNB,ABNB260417C00135000,135.0,0.3424657534246575,128.365,0.333,call
ABNB,ABNB260417P00095000,95.0,0.3424657534246575,128.365,0.3945,put
ABNB,ABNB260618C00150000,150.0,0.5123287671232877,128.365,0.3421,call
ABNB,ABNB260320P00130000,130.0,0.26575342465753427,128.365,0.3469,put
ABNB,ABNB260417C00060000,60.0,0.3424657534246575,128.365,0.9009,call
ABNB,ABNB260320P00160000,160.0,0.26575342465753427,128.365,0.3203,put
ABNB,ABNB260320P00145000,145.0,0.26575342465753427,128.365,0.3044,put
ABNB,ABNB260618C00085000,85.0,0.5123287671232877,128.365,0.5047,call
ABNB,ABNB260417C00105000,105.0,0.3424657534246575,128.365,0.4089,call
ABNB,ABNB260417P00135000,135.0,0.3424657534246575,128.365,0.3298,put
ABNB,ABNB260320P00200000,200.0,0.26575342465753427,128.365,0.6167,put
ABNB,ABNB260417C00180000,180.0,0.3424657534246575,128.365,0.3305,call
ABNB,ABNB260320P00230000,230.0,0.26575342465753427,128.365,0.6939,put
ABNB,ABNB260618C00095000,95.0,0.5123287671232877,128.365,0.4447,call
ABNB,ABNB260417C00085000,85.0,0.3424657534246575,128.365,0.5555,call
ABNB,ABNB260417C00185000,185.0,0.3424657534246575,128.365,0.3329,call
ABNB,ABNB260618C00115000,115.0,0.5123287671232877,128.365,0.3962,call
ABNB,ABNB260417C00110000,110.0,0.3424657534246575,128.365,0.3822,call
ABNB,ABNB260417P00170000,170.0,0.3424657534246575,128.365,0.3977,put
ABNB,ABNB260320P00175000,175.0,0.26575342465753427,128.365,0.455,put
ABNB,ABNB260417C00150000,150.0,0.3424657534246575,128.365,0.3149,call
ABNB,ABNB260417P00165000,165.0,0.3424657534246575,128.365,0.3009,put
ABNB,ABNB260618C00130000,130.0,0.5123287671232877,128.365,0.3679,call
ABNB,ABNB260320P00220000,220.0,0.26575342465753427,128.365,0.6682,put
ABNB,ABNB260618C00145000,145.0,0.5123287671232877,128.365,0.3445,call
ABNB,ABNB260417C00120000,120.0,0.3424657534246575,128.365,0.3549,call
ABNB,ABNB260417P00175000,175.0,0.3424657534246575,128.365,0.4418,put
ABNB,ABNB260417P00180000,180.0,0.3424657534246575,128.365,0.4547,put
ABNB,ABNB260618C00100000,100.0,0.5123287671232877,128.365,0.4317,call
ABNB,ABNB260320P00170000,170.0,0.26575342465753427,128.365,0.4138,put
ABNB,ABNB260417C00140000,140.0,0.3424657534246575,128.365,0.3248,call
ABNB,ABNB260320P00195000,195.0,0.26575342465753427,128.365,0.6172,put
ABNB,ABNB260320P00240000,240.0,0.26575342465753427,128.365,0.8493,put
ABNB,ABNB260417C00115000,115.0,0.3424657534246575,128.365,0.3689,call
ABNB,ABNB260417C00070000,70.0,0.3424657534246575,128.365,,call
ABNB,ABNB260320P00140000,140.0,0.26575342465753427,128.365,0.3307,put
ABNB,ABNB260320P00105000,105.0,0.26575342465753427,128.365,0.3789,put
ABNB,ABNB260618C00090000,90.0,0.5123287671232877,128.365,0.4808,call
ABNB,ABNB260618C00055000,55.0,0.5123287671232877,128.365,0.6677,call
ABNB,ABNB260618C00125000,125.0,0.5123287671232877,128.365,0.3809,call
ABNB,ABNB260417C00130000,130.0,0.3424657534246575,128.365,0.3414,call
ABNB,ABNB260417P00075000,75.0,0.3424657534246575,128.365,0.4855,put
ABNB,ABNB260417P00140000,140.0,0.3424657534246575,128.365,0.3227,put
ABNB,ABNB260417P00105000,105.0,0.3424657534246575,128.365,0.3661,put
ABNB,ABNB260320P00115000,115.0,0.26575342465753427,128.365,0.3568,put
ABNB,ABNB260320P00125000,125.0,0.26575342465753427,128.365,0.3403,put
ABNB,ABNB260618C00080000,80.0,0.5123287671232877,128.365,0.5273,call
ABNB,ABNB260417P00120000,120.0,0.3424657534246575,128.365,0.339,put
ABNB,ABNB260417C00190000,190.0,0.3424657534246575,128.365,0.3488,call
ABNB,ABNB260417P00150000,150.0,0.3424657534246575,128.365,0.3237,put
ABNB,ABNB260320P00150000,150.0,0.26575342465753427,128.365,0.3052,put
ABNB,ABNB260417C00170000,170.0,0.3424657534246575,128.365,0.3116,call
ABNB,ABNB260417P00080000,80.0,0.3424657534246575,128.365,0.4425,put
ABNB,ABNB260417C00165000,165.0,0.3424657534246575,128.365,0.3244,call
ABNB,ABNB260417P00185000,185.0,0.3424657534246575,128.365,0.4816,put
ABNB,ABNB260320P00185000,185.0,0.26575342465753427,128.365,0.4958,put
ABNB,ABNB260618C00160000,160.0,0.5123287671232877,128.365,0.3423,call
ABNB,ABNB260417C00100000,100.0,0.3424657534246575,128.365,0.4451,call
ABNB,ABNB260417C00155000,155.0,0.3424657534246575,128.365,0.3157,call
ABNB,ABNB260417P00145000,145.0,0.3424657534246575,128.365,0.3056,put
ABNB,ABNB260320P00110000,110.0,0.26575342465753427,128.365,0.3736,put
ABNB,ABNB260618C00110000,110.0,0.5123287671232877,128.365,0.3937,call
ABNB,ABNB260417C00065000,65.0,0.3424657534246575,128.365,0.7031,call
ABNB,ABNB260417P00115000,115.0,0.3424657534246575,128.365,0.3449,put
ABNB,ABNB260417C00125000,125.0,0.3424657534246575,128.365,0.3454,call
ABNB,ABNB260417C00075000,75.0,0.3424657534246575,128.365,0.5445,call
ABNB,ABNB260417P00085000,85.0,0.3424657534246575,128.365,0.4248,put
ABNB,ABNB260618C00135000,135.0,0.5123287671232877,128.365,0.3634,call
ABNB,ABNB260717C00175000,175.0,0.5917808219178082,128.365,0.3305,call
ABNB,ABNB260618P00185000,185.0,0.5123287671232877,128.365,0.4373,put
ABNB,ABNB260618P00140000,140.0,0.5123287671232877,128.365,0.3318,put
ABNB,ABNB260717C00185000,185.0,0.5917808219178082,128.365,0.3322,call
ABNB,ABNB260717C00065000,65.0,0.5917808219178082,128.365,0.5736,call
ABNB,ABNB260618P00160000,160.0,0.5123287671232877,128.365,0.3257,put
ABNB,ABNB260717C00090000,90.0,0.5917808219178082,128.365,0.4348,call
ABNB,ABNB260717C00070000,70.0,0.5917808219178082,128.365,0.6231,call
ABNB,ABNB260618C00210000,210.0,0.5123287671232877,128.365,,call
ABNB,ABNB260717P00070000,70.0,0.5917808219178082,128.365,0.4583,put
ABNB,ABNB260618P00120000,120.0,0.5123287671232877,128.365,0.3596,put
ABNB,ABNB260618P00200000,200.0,0.5123287671232877,128.365,0.5128,put
ABNB,ABNB260618P00085000,85.0,0.5123287671232877,128.365,0.413,put
ABNB,ABNB260717C00080000,80.0,0.5917808219178082,128.365,0.55,call
ABNB,ABNB260717C00190000,190.0,0.5917808219178082,128.365,0.3264,call
ABNB,ABNB260717C00125000,125.0,0.5917808219178082,128.365,0.37,call
ABNB,ABNB260618P00110000,110.0,0.5123287671232877,128.365,0.3861,put
ABNB,ABNB260717P00120000,120.0,0.5917808219178082,128.365,0.3546,put
ABNB,ABNB260717P00075000,75.0,0.5917808219178082,128.365,0.433,put
ABNB,ABNB260717C00155000,155.0,0.5917808219178082,128.365,0.3341,call
ABNB,ABNB260618C00170000,170.0,0.5123287671232877,128.365,0.3319,call
ABNB,ABNB260618P00195000,195.0,0.5123287671232877,128.365,0.4908,put
ABNB,ABNB260717C00130000,130.0,0.5917808219178082,128.365,0.3603,call
ABNB,ABNB260717P00080000,80.0,0.5917808219178082,128.365,0.4269,put
ABNB,ABNB260618C00195000,195.0,0.5123287671232877,128.365,0.342,call
ABNB,ABNB260618P00155000,155.0,0.5123287671232877,128.365,0.3149,put
ABNB,ABNB260717P00170000,170.0,0.5917808219178082,128.365,0.3672,put
ABNB,ABNB260618P00170000,170.0,0.5123287671232877,128.365,0.3658,put
ABNB,ABNB260618P00145000,145.0,0.5123287671232877,128.365,0.3417,put
ABNB,ABNB260717P00110000,110.0,0.5917808219178082,128.365,0.3876,put
ABNB,ABNB260618P00135000,135.0,0.5123287671232877,128.365,0.3392,put
ABNB,ABNB260618P00100000,100.0,0.5123287671232877,128.365,0.3848,put
ABNB,ABNB260717C00095000,95.0,0.5917808219178082,128.365,0.432,call
ABNB,ABNB260618P00150000,150.0,0.5123287671232877,128.365,0.3416,put
ABNB,ABNB260618C00175000,175.0,0.5123287671232877,128.365,0.3361,call
ABNB,ABNB260717P00180000,180.0,0.5917808219178082,128.365,0.4183,put
ABNB,ABNB260717P00175000,175.0,0.5917808219178082,128.365,0.3547,put
ABNB,ABNB260618P00060000,60.0,0.5123287671232877,128.365,0.5172,put
ABNB,ABNB260717C00160000,160.0,0.5917808219178082,128.365,0.3523,call
ABNB,ABNB260618P00105000,105.0,0.5123287671232877,128.365,0.3865,put
ABNB,ABNB260918C00065000,65.0,0.7643835616438356,128.365,0.5255,call
ABNB,ABNB260717C00060000,60.0,0.5917808219178082,128.365,0.6984,call
ABNB,ABNB260618P00210000,210.0,0.5123287671232877,128.365,0.6023,put
ABNB,ABNB260618P00130000,130.0,0.5123287671232877,128.365,0.3654,put
ABNB,ABNB260618C00200000,200.0,0.5123287671232877,128.365,0.336,call
ABNB,ABNB260618P00095000,95.0,0.5123287671232877,128.365,0.4052,put
ABNB,ABNB260717P00145000,145.0,0.5917808219178082,128.365,0.3199,put
ABNB,ABNB260717C00120000,120.0,0.5917808219178082,128.365,0.3687,call
ABNB,ABNB260717C00135000,135.0,0.5917808219178082,128.365,0.3493,call
ABNB,ABNB260717P00130000,130.0,0.5917808219178082,128.365,0.3448,put
ABNB,ABNB260618P00190000,190.0,0.5123287671232877,128.365,0.4726,put
ABNB,ABNB260717P00140000,140.0,0.5917808219178082,128.365,0.3302,put
ABNB,ABNB260717P00165000,165.0,0.5917808219178082,128.365,0.3419,put
ABNB,ABNB260618P00080000,80.0,0.5123287671232877,128.365,0.4294,put
ABNB,ABNB260717C00100000,100.0,0.5917808219178082,128.365,0.4422,call
ABNB,ABNB260717C00075000,75.0,0.5917808219178082,128.365,0.5239,call
ABNB,ABNB260618P00175000,175.0,0.5123287671232877,128.365,0.3752,put
ABNB,ABNB260618P00180000,180.0,0.5123287671232877,128.365,0.3849,put
ABNB,ABNB260918C00075000,75.0,0.7643835616438356,128.365,0.5302,call
ABNB,ABNB260717C00105000,105.0,0.5917808219178082,128.365,0.3932,call
ABNB,ABNB260717C00170000,170.0,0.5917808219178082,128.365,0.3296,call
ABNB,ABNB260717P00105000,105.0,0.5917808219178082,128.365,0.3784,put
ABNB,ABNB260717C00150000,150.0,0.5917808219178082,128.365,0.3419,call
ABNB,ABNB260618C00180000,180.0,0.5123287671232877,128.365,0.3445,call
ABNB,ABNB260618P00075000,75.0,0.5123287671232877,128.365,0.462,put
ABNB,ABNB260717P00100000,100.0,0.5917808219178082,128.365,0.3801,put
ABNB,ABNB260717P00085000,85.0,0.5917808219178082,128.365,0.4136,put
ABNB,ABNB260618P00165000,165.0,0.5123287671232877,128.365,0.3492,put
ABNB,ABNB260717P00095000,95.0,0.5917808219178082,128.365,0.3905,put
ABNB,ABNB260618P00065000,65.0,0.5123287671232877,128.365,0.4931,put
ABNB,ABNB260717P00060000,60.0,0.5917808219178082,128.365,0.5005,put
ABNB,ABNB260618P00115000,115.0,0.5123287671232877,128.365,0.3565,put
ABNB,ABNB260717C00110000,110.0,0.5917808219178082,128.365,0.3916,call
ABNB,ABNB260717P00115000,115.0,0.5917808219178082,128.365,0.3799,put
ABNB,ABNB260717P00135000,135.0,0.5917808219178082,128.365,0.3451,put
ABNB,ABNB260918C00085000,85.0,0.7643835616438356,128.365,0.4815,call
ABNB,ABNB260717P00155000,155.0,0.5917808219178082,128.365,0.3248,put
ABNB,ABNB260918C00060000,60.0,0.7643835616438356,128.365,0.5967,call
ABNB,ABNB260618P00125000,125.0,0.5123287671232877,128.365,0.3452,put
ABNB,ABNB260618P00090000,90.0,0.5123287671232877,128.365,0.4089,put
ABNB,ABNB260717P00125000,125.0,0.5917808219178082,128.365,0.3565,put
ABNB,ABNB260618C00165000,165.0,0.5123287671232877,128.365,0.3359,call
ABNB,ABNB260618P00070000,70.0,0.5123287671232877,128.365,0.4743,put
ABNB,ABNB260618P00055000,55.0,0.5123287671232877,128.365,,put
ABNB,ABNB260717C00145000,145.0,0.5917808219178082,128.365,0.3559,call
ABNB,ABNB260717C00140000,140.0,0.5917808219178082,128.365,0.3571,call
ABNB,ABNB260717C00085000,85.0,0.5917808219178082,128.365,0.4329,call
ABNB,ABNB260717P00190000,190.0,0.5917808219178082,128.365,0.4672,put
ABNB,ABNB260717P00160000,160.0,0.5917808219178082,128.365,0.327,put
ABNB,ABNB260918C00080000,80.0,0.7643835616438356,128.365,0.5271,call
ABNB,ABNB260717P00065000,65.0,0.5917808219178082,128.365,0.485,put
ABNB,ABNB260918C00070000,70.0,0.7643835616438356,128.365,0.5959,call
ABNB,ABNB260717P00185000,185.0,0.5917808219178082,128.365,0.4386,put
ABNB,ABNB260717C00180000,180.0,0.5917808219178082,128.365,0.3276,call
ABNB,ABNB260618C00185000,185.0,0.5123287671232877,128.365,0.3315,call
ABNB,ABNB260717C00165000,165.0,0.5917808219178082,128.365,0.3473,call
ABNB,ABNB260717P00090000,90.0,0.5917808219178082,128.365,0.4005,put
ABNB,ABNB260618C00190000,190.0,0.5123287671232877,128.365,0.3367,call
ABNB,ABNB260717P00150000,150.0,0.5917808219178082,128.365,0.3183,put
ABNB,ABNB260717C00115000,115.0,0.5917808219178082,128.365,0.3656,call
ABNB,ABNB261218C00115000,115.0,1.0136986301369864,128.365,0.3757,call
ABNB,ABNB260918P00195000,195.0,0.7643835616438356,128.365,0.4788,put
ABNB,ABNB261218C00150000,150.0,1.0136986301369864,128.365,0.3421,call
ABNB,ABNB261218C00195000,195.0,1.0136986301369864,128.365,0.3507,call
ABNB,ABNB260918C00100000,100.0,0.7643835616438356,128.365,0.4275,call
ABNB,ABNB261218P00060000,60.0,1.0136986301369864,128.365,0.4741,put
ABNB,ABNB260918C00165000,165.0,0.7643835616438356,128.365,0.3621,call
ABNB,ABNB261218P00095000,95.0,1.0136986301369864,128.365,0.3911,put
ABNB,ABNB260918P00095000,95.0,0.7643835616438356,128.365,0.4279,put
ABNB,ABNB261218C00095000,95.0,1.0136986301369864,128.365,0.4246,call
ABNB,ABNB260918P00200000,200.0,0.7643835616438356,128.365,0.4495,put
ABNB,ABNB260918P00105000,105.0,0.7643835616438356,128.365,0.382,put
ABNB,ABNB260918C00145000,145.0,0.7643835616438356,128.365,0.367,call
ABNB,ABNB260918P00110000,110.0,0.7643835616438356,128.365,0.369,put
ABNB,ABNB261218C00125000,125.0,1.0136986301369864,128.365,0.3927,call
ABNB,ABNB261218C00250000,250.0,1.0136986301369864,128.365,0.3296,call
ABNB,ABNB260918C00200000,200.0,0.7643835616438356,128.365,0.3765,call
ABNB,ABNB261218C00130000,130.0,1.0136986301369864,128.365,0.3773,call
ABNB,ABNB261218C00110000,110.0,1.0136986301369864,128.365,0.4106,call
ABNB,ABNB260918P00210000,210.0,0.7643835616438356,128.365,0.5102,put
ABNB,ABNB261218C00210000,210.0,1.0136986301369864,128.365,0.3413,call
ABNB,ABNB261218C00075000,75.0,1.0136986301369864,128.365,0.5211,call
ABNB,ABNB260918C00135000,135.0,0.7643835616438356,128.365,0.3688,call
ABNB,ABNB261218C00090000,90.0,1.0136986301369864,128.365,0.4289,call
ABNB,ABNB261218C00135000,135.0,1.0136986301369864,128.365,0.3818,call
ABNB,ABNB261218P00075000,75.0,1.0136986301369864,128.365,0.4311,put
ABNB,ABNB260918P00160000,160.0,0.7643835616438356,128.365,0.3402,put
ABNB,ABNB260918P00060000,60.0,0.7643835616438356,128.365,0.4637,put
ABNB,ABNB261218C00180000,180.0,1.0136986301369864,128.365,0.34,call
ABNB,ABNB261218C00120000,120.0,1.0136986301369864,128.365,0.3736,call
ABNB,ABNB261218C00230000,230.0,1.0136986301369864,128.365,,call
ABNB,ABNB260918P00065000,65.0,0.7643835616438356,128.365,0.48,put
ABNB,ABNB260918P00155000,155.0,0.7643835616438356,128.365,0.3413,put
ABNB,ABNB261218C00190000,190.0,1.0136986301369864,128.365,0.3411,call
ABNB,ABNB260918C00130000,130.0,0.7643835616438356,128.365,0.3706,call
ABNB,ABNB260918C00175000,175.0,0.7643835616438356,128.365,0.3262,call
ABNB,ABNB260918C00105000,105.0,0.7643835616438356,128.365,0.3853,call
ABNB,ABNB261218C00170000,170.0,1.0136986301369864,128.365,0.3332,call
ABNB,ABNB260918P00185000,185.0,0.7643835616438356,128.365,0.3974,put
ABNB,ABNB261218C00100000,100.0,1.0136986301369864,128.365,0.409,call
ABNB,ABNB261218C00175000,175.0,1.0136986301369864,128.365,0.3477,call
ABNB,ABNB261218P00065000,65.0,1.0136986301369864,128.365,0.4641,put
ABNB,ABNB260918P00145000,145.0,0.7643835616438356,128.365,0.3382,put
ABNB,ABNB260918P00115000,115.0,0.7643835616438356,128.365,0.3709,put
ABNB,ABNB261218C00185000,185.0,1.0136986301369864,128.365,0.3576,call
ABNB,ABNB261218P00105000,105.0,1.0136986301369864,128.365,0.3613,put
ABNB,ABNB261218C00165000,165.0,1.0136986301369864,128.365,0.3512,call
ABNB,ABNB260918C00140000,140.0,0.7643835616438356,128.365,0.3527,call
ABNB,ABNB261218P00070000,70.0,1.0136986301369864,128.365,0.3954,put
ABNB,ABNB260918C00110000,110.0,0.7643835616438356,128.365,0.4069,call
ABNB,ABNB260918C00170000,170.0,0.7643835616438356,128.365,0.3492,call
ABNB,ABNB261218C00105000,105.0,1.0136986301369864,128.365,0.407,call
ABNB,ABNB260918P00100000,100.0,0.7643835616438356,128.365,0.3642,put
ABNB,ABNB260918C00190000,190.0,0.7643835616438356,128.365,0.3218,call
ABNB,ABNB260918C00120000,120.0,0.7643835616438356,128.365,0.384,call
ABNB,ABNB260918C00210000,210.0,0.7643835616438356,128.365,0.3422,call
ABNB,ABNB261218C00065000,65.0,1.0136986301369864,128.365,0.5533,call
ABNB,ABNB261218C00200000,200.0,1.0136986301369864,128.365,0.3441,call
ABNB,ABNB260918P00080000,80.0,0.7643835616438356,128.365,0.3854,put
ABNB,ABNB260918C00090000,90.0,0.7643835616438356,128.365,0.4691,call
ABNB,ABNB261218C00155000,155.0,1.0136986301369864,128.365,0.3585,call
ABNB,ABNB260918P00130000,130.0,0.7643835616438356,128.365,0.3548,put
ABNB,ABNB260918P00075000,75.0,0.7643835616438356,128.365,0.5035,put
ABNB,ABNB260918P00170000,170.0,0.7643835616438356,128.365,0.3705,put
ABNB,ABNB260918C00150000,150.0,0.7643835616438356,128.365,0.3485,call
ABNB,ABNB261218C00085000,85.0,1.0136986301369864,128.365,0.4496,call
ABNB,ABNB261218P00100000,100.0,1.0136986301369864,128.365,0.3738,put
ABNB,ABNB261218C00080000,80.0,1.0136986301369864,128.365,0.5045,call
ABNB,ABNB261218C00160000,160.0,1.0136986301369864,128.365,0.3552,call
ABNB,ABNB260918C00115000,115.0,0.7643835616438356,128.365,0.3886,call
ABNB,ABNB260918P00125000,125.0,0.7643835616438356,128.365,0.368,put
ABNB,ABNB260918C00185000,185.0,0.7643835616438356,128.365,0.3371,call
ABNB,ABNB261218C00070000,70.0,1.0136986301369864,128.365,0.4791,call
ABNB,ABNB261218C00060000,60.0,1.0136986301369864,128.365,0.6218,call
ABNB,ABNB261218P00055000,55.0,1.0136986301369864,128.365,0.4832,put
ABNB,ABNB260918C00180000,180.0,0.7643835616438356,128.365,0.3398,call
ABNB,ABNB260918P00090000,90.0,0.7643835616438356,128.365,0.3971,put
ABNB,ABNB261218P00090000,90.0,1.0136986301369864,128.365,0.3991,put
ABNB,ABNB260918C00155000,155.0,0.7643835616438356,128.365,0.3457,call
ABNB,ABNB260918P00165000,165.0,0.7643835616438356,128.365,0.3528,put
ABNB,ABNB261218C00055000,55.0,1.0136986301369864,128.365,0.652,call
ABNB,ABNB260918P00135000,135.0,0.7643835616438356,128.365,0.3448,put
ABNB,ABNB260918P00140000,140.0,0.7643835616438356,128.365,0.3398,put
ABNB,ABNB260918C00195000,195.0,0.7643835616438356,128.365,0.3396,call
ABNB,ABNB260918P00085000,85.0,0.7643835616438356,128.365,0.4054,put
ABNB,ABNB260918P00120000,120.0,0.7643835616438356,128.365,0.3588,put
ABNB,ABNB261218C00140000,140.0,1.0136986301369864,128.365,0.3663,call
ABNB,ABNB260918P00150000,150.0,0.7643835616438356,128.365,0.3494,put
ABNB,ABNB261218C00220000,220.0,1.0136986301369864,128.365,0.3434,call
ABNB,ABNB261218P00080000,80.0,1.0136986301369864,128.365,0.4113,put
ABNB,ABNB260918C00160000,160.0,0.7643835616438356,128.365,0.3306,call
ABNB,ABNB260918P00070000,70.0,0.7643835616438356,128.365,0.4465,put
ABNB,ABNB260918C00095000,95.0,0.7643835616438356,128.365,0.4371,call
ABNB,ABNB261218C00145000,145.0,1.0136986301369864,128.365,0.3651,call
ABNB,ABNB260918P00175000,175.0,0.7643835616438356,128.365,0.3677,put
ABNB,ABNB261218C00240000,240.0,1.0136986301369864,128.365,0.3871,call
ABNB,ABNB260918C00125000,125.0,0.7643835616438356,128.365,0.3679,call
ABNB,ABNB260918P00190000,190.0,0.7643835616438356,128.365,0.4406,put
ABNB,ABNB260918P00180000,180.0,0.7643835616438356,128.365,0.3941,put
ABNB,ABNB261218P00085000,85.0,1.0136986301369864,128.365,0.4098,put
ABNB,ABNB270115P00065000,65.0,1.0904109589041096,128.365,0.4562,put
ABNB,ABNB270115C00065000,65.0,1.0904109589041096,128.365,0.5538,call
ABNB,ABNB261218P00230000,230.0,1.0136986301369864,128.365,0.5387,put
ABNB,ABNB261218P00160000,160.0,1.0136986301369864,128.365,0.3665,put
ABNB,ABNB270115P00125000,125.0,1.0904109589041096,128.365,0.3575,put
ABNB,ABNB261218P00120000,120.0,1.0136986301369864,128.365,0.3663,put
ABNB,ABNB270115C00100000,100.0,1.0904109589041096,128.365,0.4085,call
ABNB,ABNB261218P00170000,170.0,1.0136986301369864,128.365,0.3791,put
ABNB,ABNB270115P00140000,140.0,1.0904109589041096,128.365,0.3531,put
ABNB,ABNB270115P00105000,105.0,1.0904109589041096,128.365,0.3886,put
ABNB,ABNB261218P00135000,135.0,1.0136986301369864,128.365,0.3457,put
ABNB,ABNB270115P00060000,60.0,1.0904109589041096,128.365,0.4572,put
ABNB,ABNB271217C00070000,70.0,2.010958904109589,128.365,0.5066,call
ABNB,ABNB270115C00125000,125.0,1.0904109589041096,128.365,0.3982,call
ABNB,ABNB270115P00220000,220.0,1.0904109589041096,128.365,0.5118,put
ABNB,ABNB270115C00150000,150.0,1.0904109589041096,128.365,0.3344,call
ABNB,ABNB270115C00115000,115.0,1.0904109589041096,128.365,0.412,call
ABNB,ABNB270115C00095000,95.0,1.0904109589041096,128.365,0.453,call
ABNB,ABNB270115C00130000,130.0,1.0904109589041096,128.365,0.374,call
ABNB,ABNB270115P00095000,95.0,1.0904109589041096,128.365,0.3958,put
ABNB,ABNB271217C00065000,65.0,2.010958904109589,128.365,0.4833,call
ABNB,ABNB261218P00220000,220.0,1.0136986301369864,128.365,0.5191,put
ABNB,ABNB270115P00120000,120.0,1.0904109589041096,128.365,0.3669,put
ABNB,ABNB270115P00100000,100.0,1.0904109589041096,128.365,0.3801,put
ABNB,ABNB270115P00110000,110.0,1.0904109589041096,128.365,0.3864,put
ABNB,ABNB270115P00240000,240.0,1.0904109589041096,128.365,0.5827,put
ABNB,ABNB270115P00150000,150.0,1.0904109589041096,128.365,0.3478,put
ABNB,ABNB270115C00230000,230.0,1.0904109589041096,128.365,0.3446,call
ABNB,ABNB261218P00240000,240.0,1.0136986301369864,128.365,0.5672,put
ABNB,ABNB270115P00170000,170.0,1.0904109589041096,128.365,0.3725,put
ABNB,ABNB270115C00090000,90.0,1.0904109589041096,128.365,0.424,call
ABNB,ABNB270115C00135000,135.0,1.0904109589041096,128.365,0.3596,call
ABNB,ABNB261218P00115000,115.0,1.0136986301369864,128.365,0.3701,put
ABNB,ABNB261218P00250000,250.0,1.0136986301369864,128.365,0.5945,put
ABNB,ABNB270115P00085000,85.0,1.0904109589041096,128.365,0.4293,put
ABNB,ABNB270115C00055000,55.0,1.0904109589041096,128.365,0.5221,call
ABNB,ABNB270115P00090000,90.0,1.0904109589041096,128.365,0.4029,put
ABNB,ABNB270115C00060000,60.0,1.0904109589041096,128.365,0.6369,call
ABNB,ABNB270115P00155000,155.0,1.0904109589041096,128.365,0.3579,put
ABNB,ABNB270115C00085000,85.0,1.0904109589041096,128.365,0.4748,call
ABNB,ABNB261218P00190000,190.0,1.0136986301369864,128.365,0.3871,put
ABNB,ABNB270115C00240000,240.0,1.0904109589041096,128.365,0.3757,call
ABNB,ABNB270115C00220000,220.0,1.0904109589041096,128.365,0.3513,call
ABNB,ABNB270115P00055000,55.0,1.0904109589041096,128.365,0.4782,put
ABNB,ABNB270115P00070000,70.0,1.0904109589041096,128.365,0.4431,put
ABNB,ABNB271217C00080000,80.0,2.010958904109589,128.365,0.4418,call
ABNB,ABNB270115P00200000,200.0,1.0904109589041096,128.365,0.4307,put
ABNB,ABNB270115P00185000,185.0,1.0904109589041096,128.365,0.3637,put
ABNB,ABNB270115P00195000,195.0,1.0904109589041096,128.365,0.4041,put
ABNB,ABNB261218P00185000,185.0,1.0136986301369864,128.365,0.3768,put
ABNB,ABNB270115C00105000,105.0,1.0904109589041096,128.365,0.3734,call
ABNB,ABNB270115C00170000,170.0,1.0904109589041096,128.365,0.3341,call
ABNB,ABNB261218P00165000,165.0,1.0136986301369864,128.365,0.342,put
ABNB,ABNB261218P00125000,125.0,1.0136986301369864,128.365,0.36,put
ABNB,ABNB270115P00075000,75.0,1.0904109589041096,128.365,0.4217,put
ABNB,ABNB270115C00110000,110.0,1.0904109589041096,128.365,0.4056,call
ABNB,ABNB261218P00130000,130.0,1.0136986301369864,128.365,0.3596,put
ABNB,ABNB270115P00160000,160.0,1.0904109589041096,128.365,0.3693,put
ABNB,ABNB261218P00145000,145.0,1.0136986301369864,128.365,0.3426,put
ABNB,ABNB270115P00145000,145.0,1.0904109589041096,128.365,0.3462,put
ABNB,ABNB270115P00165000,165.0,1.0904109589041096,128.365,0.3635,put
ABNB,ABNB270115C00175000,175.0,1.0904109589041096,128.365,0.3361,call
ABNB,ABNB270115C00145000,145.0,1.0904109589041096,128.365,0.366,call
ABNB,ABNB270115P00135000,135.0,1.0904109589041096,128.365,0.3605,put
ABNB,ABNB270115C00200000,200.0,1.0904109589041096,128.365,0.3426,call
ABNB,ABNB271217C00085000,85.0,2.010958904109589,128.365,0.4417,call
ABNB,ABNB270115P00180000,180.0,1.0904109589041096,128.365,0.3591,put
ABNB,ABNB270115P00190000,190.0,1.0904109589041096,128.365,0.3736,put
ABNB,ABNB261218P00200000,200.0,1.0136986301369864,128.365,0.4373,put
ABNB,ABNB261218P00175000,175.0,1.0136986301369864,128.365,0.3729,put
ABNB,ABNB270115P00080000,80.0,1.0904109589041096,128.365,0.4135,put
ABNB,ABNB270115C00080000,80.0,1.0904109589041096,128.365,0.4752,call
ABNB,ABNB270115C00140000,140.0,1.0904109589041096,128.365,0.3615,call
ABNB,ABNB261218P00180000,180.0,1.0136986301369864,128.365,0.3798,put
ABNB,ABNB270115C00185000,185.0,1.0904109589041096,128.365,0.3464,call
ABNB,ABNB270115P00130000,130.0,1.0904109589041096,128.365,0.3605,put
ABNB,ABNB270115C00155000,155.0,1.0904109589041096,128.365,0.3575,call
ABNB,ABNB261218P00195000,195.0,1.0136986301369864,128.365,0.4289,put
ABNB,ABNB261218P00110000,110.0,1.0136986301369864,128.365,0.3732,put
ABNB,ABNB271217C00090000,90.0,2.010958904109589,128.365,0.4215,call
ABNB,ABNB261218P00155000,155.0,1.0136986301369864,128.365,0.3528,put
ABNB,ABNB270115P00210000,210.0,1.0904109589041096,128.365,0.4596,put
ABNB,ABNB270115P00115000,115.0,1.0904109589041096,128.365,0.3813,put
ABNB,ABNB270115P00230000,230.0,1.0904109589041096,128.365,0.5305,put
ABNB,ABNB271217C00095000,95.0,2.010958904109589,128.365,0.4172,call
ABNB,ABNB270115C00190000,190.0,1.0904109589041096,128.365,0.3371,call
ABNB,ABNB270115C00075000,75.0,1.0904109589041096,128.365,0.4751,call
ABNB,ABNB270115C00165000,165.0,1.0904109589041096,128.365,0.351,call
ABNB,ABNB270115P00175000,175.0,1.0904109589041096,128.365,0.3489,put
ABNB,ABNB271217C00075000,75.0,2.010958904109589,128.365,0.4518,call
ABNB,ABNB261218P00150000,150.0,1.0136986301369864,128.365,0.3462,put
ABNB,ABNB261218P00210000,210.0,1.0136986301369864,128.365,0.4755,put
ABNB,ABNB271217C00060000,60.0,2.010958904109589,128.365,0.5471,call
ABNB,ABNB270115C00160000,160.0,1.0904109589041096,128.365,0.3497,call
ABNB,ABNB270115C00070000,70.0,1.0904109589041096,128.365,0.5485,call
ABNB,ABNB270115C00195000,195.0,1.0904109589041096,128.365,0.3349,call
ABNB,ABNB270115C00210000,210.0,1.0904109589041096,128.365,0.3415,call
ABNB,ABNB261218P00140000,140.0,1.0136986301369864,128.365,0.3443,put
ABNB,ABNB270115C00120000,120.0,1.0904109589041096,128.365,0.3955,call
ABNB,ABNB270115C00180000,180.0,1.0904109589041096,128.365,0.3404,call
ABNB,ABNB280121P00135000,135.0,2.106849315068493,128.365,0.3611,put
ABNB,ABNB271217C00190000,190.0,2.010958904109589,128.365,0.3516,call
ABNB,ABNB280121P00105000,105.0,2.106849315068493,128.365,0.3841,put
ABNB,ABNB271217C00180000,180.0,2.010958904109589,128.365,0.3578,call
ABNB,ABNB280121C00105000,105.0,2.106849315068493,128.365,0.4065,call
ABNB,ABNB271217C00175000,175.0,2.010958904109589,128.365,0.3584,call
ABNB,ABNB271217P00090000,90.0,2.010958904109589,128.365,0.4145,put
ABNB,ABNB271217P00075000,75.0,2.010958904109589,128.365,0.4307,put
ABNB,ABNB271217P00210000,210.0,2.010958904109589,128.365,0.4094,put
ABNB,ABNB271217P00195000,195.0,2.010958904109589,128.365,0.4048,put
ABNB,ABNB280121C00070000,70.0,2.106849315068493,128.365,0.435,call
ABNB,ABNB271217P00085000,85.0,2.010958904109589,128.365,0.4045,put
ABNB,ABNB280121C00170000,170.0,2.106849315068493,128.365,0.36,call
ABNB,ABNB280121C00120000,120.0,2.106849315068493,128.365,0.3868,call
ABNB,ABNB280121P00125000,125.0,2.106849315068493,128.365,0.3682,put
ABNB,ABNB280121P00090000,90.0,2.106849315068493,128.365,0.4069,put
ABNB,ABNB271217C00135000,135.0,2.010958904109589,128.365,0.3817,call
ABNB,ABNB280121C00125000,125.0,2.106849315068493,128.365,0.3844,call
ABNB,ABNB280121P00085000,85.0,2.106849315068493,128.365,0.4108,put
ABNB,ABNB271217P00115000,115.0,2.010958904109589,128.365,0.3831,put
ABNB,ABNB271217C00105000,105.0,2.010958904109589,128.365,0.4092,call
ABNB,ABNB271217P00105000,105.0,2.010958904109589,128.365,0.3911,put
ABNB,ABNB271217P00180000,180.0,2.010958904109589,128.365,0.3925,put
ABNB,ABNB271217P00070000,70.0,2.010958904109589,128.365,0.4273,put
ABNB,ABNB271217C00100000,100.0,2.010958904109589,128.365,0.3913,call
ABNB,ABNB280121P00160000,160.0,2.106849315068493,128.365,0.3652,put
ABNB,ABNB271217C00110000,110.0,2.010958904109589,128.365,0.4007,call
ABNB,ABNB280121P00060000,60.0,2.106849315068493,128.365,,put
ABNB,ABNB280121C00185000,185.0,2.106849315068493,128.365,0.3545,call
ABNB,ABNB271217C00200000,200.0,2.010958904109589,128.365,0.3451,call
ABNB,ABNB280121C00180000,180.0,2.106849315068493,128.365,0.3628,call
ABNB,ABNB271217C00155000,155.0,2.010958904109589,128.365,0.3656,call
ABNB,ABNB271217P00155000,155.0,2.010958904109589,128.365,0.3793,put
ABNB,ABNB271217C00145000,145.0,2.010958904109589,128.365,0.374,call
ABNB,ABNB271217C00195000,195.0,2.010958904109589,128.365,0.3513,call
ABNB,ABNB271217P00110000,110.0,2.010958904109589,128.365,0.3869,put
ABNB,ABNB280121C00060000,60.0,2.106849315068493,128.365,0.4619,call
ABNB,ABNB271217P00170000,170.0,2.010958904109589,128.365,0.3791,put
ABNB,ABNB280121P00075000,75.0,2.106849315068493,128.365,0.4311,put
ABNB,ABNB271217P00145000,145.0,2.010958904109589,128.365,0.3693,put
ABNB,ABNB280121C00075000,75.0,2.106849315068493,128.365,0.4616,call
ABNB,ABNB280121C00140000,140.0,2.106849315068493,128.365,0.3726,call
ABNB,ABNB280121P00140000,140.0,2.106849315068493,128.365,0.3766,put
ABNB,ABNB271217P00150000,150.0,2.010958904109589,128.365,0.3656,put
ABNB,ABNB271217P00175000,175.0,2.010958904109589,128.365,0.3636,put
ABNB,ABNB280121C00145000,145.0,2.106849315068493,128.365,0.366,call
ABNB,ABNB280121P00095000,95.0,2.106849315068493,128.365,0.3907,put
ABNB,ABNB271217P00140000,140.0,2.010958904109589,128.365,0.3789,put
ABNB,ABNB271217P00095000,95.0,2.010958904109589,128.365,0.3953,put
ABNB,ABNB271217P00120000,120.0,2.010958904109589,128.365,0.3709,put
ABNB,ABNB280121P00155000,155.0,2.106849315068493,128.365,0.3731,put
ABNB,ABNB280121P00100000,100.0,2.106849315068493,128.365,0.3885,put
ABNB,ABNB271217C00165000,165.0,2.010958904109589,128.365,0.361,call
ABNB,ABNB271217P00100000,100.0,2.010958904109589,128.365,0.3942,put
ABNB,ABNB280121C00080000,80.0,2.106849315068493,128.365,0.4463,call
ABNB,ABNB280121C00110000,110.0,2.106849315068493,128.365,0.402,call
ABNB,ABNB280121C00100000,100.0,2.106849315068493,128.365,0.4262,call
ABNB,ABNB271217P00080000,80.0,2.010958904109589,128.365,0.4111,put
ABNB,ABNB280121P00145000,145.0,2.106849315068493,128.365,0.3695,put
ABNB,ABNB271217P00190000,190.0,2.010958904109589,128.365,0.3966,put
ABNB,ABNB280121C00190000,190.0,2.106849315068493,128.365,0.344,call
ABNB,ABNB280121C00095000,95.0,2.106849315068493,128.365,0.413,call
ABNB,ABNB280121C00085000,85.0,2.106849315068493,128.365,0.4266,call
ABNB,ABNB271217C00150000,150.0,2.010958904109589,128.365,0.3773,call
ABNB,ABNB280121P00070000,70.0,2.106849315068493,128.365,0.4222,put
ABNB,ABNB280121C00160000,160.0,2.106849315068493,128.365,0.363,call
ABNB,ABNB280121P00120000,120.0,2.106849315068493,128.365,0.373,put
ABNB,ABNB271217P00130000,130.0,2.010958904109589,128.365,0.3718,put
ABNB,ABNB271217C00115000,115.0,2.010958904109589,128.365,0.4002,call
ABNB,ABNB271217P00060000,60.0,2.010958904109589,128.365,0.4427,put
ABNB,ABNB280121C00165000,165.0,2.106849315068493,128.365,0.3651,call
ABNB,ABNB280121P00115000,115.0,2.106849315068493,128.365,0.3855,put
ABNB,ABNB271217C00185000,185.0,2.010958904109589,128.365,0.3526,call
ABNB,ABNB271217P00185000,185.0,2.010958904109589,128.365,0.3865,put
ABNB,ABNB271217C00125000,125.0,2.010958904109589,128.365,0.3985,call
ABNB,ABNB280121C00150000,150.0,2.106849315068493,128.365,0.3755,call
ABNB,ABNB271217C00160000,160.0,2.010958904109589,128.365,0.3644,call
ABNB,ABNB271217C00210000,210.0,2.010958904109589,128.365,0.3634,call
ABNB,ABNB280121C00155000,155.0,2.106849315068493,128.365,0.374,call
ABNB,ABNB271217C00130000,130.0,2.010958904109589,128.365,0.378,call
ABNB,ABNB271217C00140000,140.0,2.010958904109589,128.365,0.3799,call
ABNB,ABNB280121P00065000,65.0,2.106849315068493,128.365,0.4283,put
ABNB,ABNB271217C00170000,170.0,2.010958904109589,128.365,0.3632,call
ABNB,ABNB271217P00125000,125.0,2.010958904109589,128.365,0.3678,put
ABNB,ABNB280121P00110000,110.0,2.106849315068493,128.365,0.3897,put
ABNB,ABNB271217P00200000,200.0,2.010958904109589,128.365,0.3901,put
ABNB,ABNB271217P00065000,65.0,2.010958904109589,128.365,0.4314,put
ABNB,ABNB280121C00065000,65.0,2.106849315068493,128.365,0.4703,call
ABNB,ABNB280121C00175000,175.0,2.106849315068493,128.365,0.3588,call
ABNB,ABNB280121C00115000,115.0,2.106849315068493,128.365,0.3956,call
ABNB,ABNB280121P00080000,80.0,2.106849315068493,128.365,0.4217,put
ABNB,ABNB280121P00150000,150.0,2.106849315068493,128.365,0.3668,put
ABNB,ABNB271217P00165000,165.0,2.010958904109589,128.365,0.3614,put
ABNB,ABNB271217C00120000,120.0,2.010958904109589,128.365,0.3892,call
ABNB,ABNB271217P00160000,160.0,2.010958904109589,128.365,0.3805,put
ABNB,ABNB280121C00135000,135.0,2.106849315068493,128.365,0.3859,call
ABNB,ABNB280121P00130000,130.0,2.106849315068493,128.365,0.3689,put
ABNB,ABNB280121C00090000,90.0,2.106849315068493,128.365,0.4417,call
ABNB,ABNB280121C00130000,130.0,2.106849315068493,128.365,0.381,call
ABNB,ABNB271217P00135000,135.0,2.010958904109589,128.365,0.3683,put
ABNB,ABNB280121P00175000,175.0,2.106849315068493,128.365,0.3793,put
ABNB,ABNB280121P00185000,185.0,2.106849315068493,128.365,0.3892,put
ABNB,ABNB280121P00170000,170.0,2.106849315068493,128.365,0.3871,put
ABNB,ABNB280121P00190000,190.0,2.106849315068493,128.365,0.4066,put
ABNB,ABNB280121P00180000,180.0,2.106849315068493,128.365,0.4017,put
ABNB,ABNB280121P00165000,165.0,2.106849315068493,128.365,0.3661,put
